Job ID,Job URL,Job Title,Company Name,Status,Timestamp,WP ID
360830a2e9858bbc,https://www.jobsnepal.com/sathanaya-aapatakalna-sacalna-kanathara-leoc-sathapanaka-lga-samagara-kharathaka-lga-blpatara-aavahana-142977,स्थानीय आपतकालिन संचालन केन्द्र (LEOC) स्थापनाका लागि सामाग्रि खरिदको लागि बोलपत्र आवहान,SabalNepal,posted,2026-06-25T21:49:01.969414,77
fd2d9bc2a964ea56,https://www.jobsnepal.com/terms-of-reference-for-a-study-on-the-impact-of-human-wildlife-conflict-on-agriculture-and-socio-economic-conditions-in-achham-district-142976,Terms of Reference for a Study on the Impact of Human-Wildlife Conflict on Agriculture and Socio-Economic Conditions in Achham District,PeaceWin Nepal,posted,2026-06-25T21:49:30.876928,79
bb51d551da4b270a,https://www.jobsnepal.com/sales-and-marketing-technical-142975,Sales and Marketing / Technical,Durba Tech Company Pvt Ltd,failed|wp_post_failed_or_skipped,2026-06-25T21:49:39.788745,
a27932544fea7478,https://www.jobsnepal.com/parasatavana-aahavana-samabnathha-sacana-142974,प्रस्तावना आह्वान सम्बन्धी सूचना,KIRDARC Nepal,posted,2026-06-25T21:49:42.903597,79
bff7c966e8bc8cea,https://www.jobsnepal.com/supervisor-142973,Supervisor,Manavsewa Ashram,posted,2026-06-25T21:50:06.416004,81
15522bd2004e9577,https://www.jobsnepal.com/vacancy-announcement-for-various-positions-142972,Vacancy Announcement for Various Positions,CARE Nepal,posted,2026-06-25T21:50:33.645138,83
e26c69022f6bb195,https://www.jobsnepal.com/invitation-for-submission-of-proposal-for-conference-venue-accommodation-catering-and-services-142971,"Invitation for Submission of Proposal for Conference Venue, Accommodation & Catering and Services",Centre for Mental Health & Counselling Nepal,posted,2026-06-25T21:50:55.177082,85
69f44c119dbbf0a3,https://www.jobsnepal.com/tender-notice-142970,TENDER NOTICE,PRAYAS Nepal,posted,2026-06-25T21:51:19.413745,87
c1b74131af96b910,https://www.jobsnepal.com/program-officer-142969,Program Officer,INSTITUTE FOR IMPLEMENTATION SCIENCE AND HEALTH,posted,2026-06-25T21:51:43.708868,89
70dfdadb1874118a,https://www.jobsnepal.com/senior-research-associate-142968,SENIOR RESEARCH ASSOCIATE,National Institute for Development and Research (NIDR),posted,2026-06-25T21:52:10.230018,91
ac1ded6ed726262a,https://www.jobsnepal.com/savasathaya-upakaranae-kharathaka-lga-shalbnatha-tharabhaupatara-aahavanaka-sacana-142967,स्वास्थ्य उपकरण खरिदको लागि शिलबन्दी दरभाउपत्र आह्वानको सूचना,Snowland Integrated Development Center (SIDC),posted,2026-06-25T21:52:13.576107,91
88972e86c435e36f,https://www.jobsnepal.com/blpatara-upalbthha-garauna-samabnathhama-thasara-pataka-parakashata-142966,बोलपत्र उपलब्ध गराउने सम्बन्धमा (दोस्रो पटक प्रकाशित),Community Development & Advocacy Forum Nepal,posted,2026-06-25T21:52:16.753480,91
f41270bf0cf5ff61,https://www.jobsnepal.com/parasatavana-aahavana-call-for-proposal-ka-sacana-parakashana-142964,प्रस्तावना आह्वान (Call for Proposal) को सुचना प्रकाशन,NGO Federation of Nepal,posted,2026-06-25T21:52:32.583512,93
c42d16b2aecef6f0,https://www.jobsnepal.com/request-for-expressions-of-interest-reoi-142963,REQUEST FOR EXPRESSIONS OF INTEREST (REOI),Upper Arun Hydro-Electric Project Adibasi Janajati Advisory Council,posted,2026-06-25T21:52:55.315224,94
855866593e357fa6,https://www.jobsnepal.com/itb-notice-enterprise-support-materials-142962,ITB Notice: Enterprise Support Materials,Aasaman Nepal,posted,2026-06-25T21:53:20.748188,96
383a69e34440979c,https://www.jobsnepal.com/expression-of-interest-eoi-for-development-of-headteacher-leadership-development-training-package-142961,Expression of Interest (EOI) for Development of Headteacher Leadership Development Training Package,Sindhuli Integrated Development Services Nepal (SIDS Nepal),posted,2026-06-25T21:53:42.976680,97
1f60b6200d40edc8,https://www.jobsnepal.com/driver-cum-messenger-142960,Driver Cum Messenger,Rural Health and Education Service Trust (RHEST),posted,2026-06-25T21:54:06.670379,99
bd05fcc95b3b790d,https://www.jobsnepal.com/program-officer-142959,Program Officer,One Heart Worldwide,flagged|no_apply_contact,2026-06-25T21:54:10.011739,
dda1613c5df4a1a1,https://www.jobsnepal.com/tor-for-service-contract-documentation-of-photography-and-videography-focusing-on-the-struggles-of-informal-sector-labor-communities-142958,ToR for Service Contract Documentation of Photography and Videography focusing on the struggles of informal sector labor communities,Kamaiya Mahila Jagaran Samaj Nepal,posted,2026-06-25T21:54:32.900013,101
a6fe01bea28e5898,https://www.jobsnepal.com/finance-officer-142957,Finance Officer,Recovering Nepal Women,posted,2026-06-25T21:54:58.606595,103
6f874c1ef5c9acc2,https://www.jobsnepal.com/junior-technician-142956,Junior Technician,Community Development Forum Nepal,posted,2026-06-25T21:55:23.118773,105
fb7b4a6570ff2e45,https://www.jobsnepal.com/request-for-quotation-rfq-for-the-procurement-of-ready-to-use-therapeutic-food-rutf-142955,REQUEST FOR QUOTATION (RFQ) FOR THE PROCUREMENT OF READY TO USE THERAPEUTIC FOOD (RUTF),CARE Nepal,posted,2026-06-25T21:55:53.363712,107
428c8a9b0a75a94a,https://www.jobsnepal.com/kashha-upakaranae-tatha-bu-bjana-samagara-kharatha-garana-tharabhau-patara-aahavanaka-sacana-142954,कृषि उपकरण तथा बिउ बिजन सामाग्री खरिद गर्न दरभाउ पत्र आह्वानको सूचना,KIRDARC-Nepal,posted,2026-06-25T21:56:00.465014,107
687b71b9297d69b1,https://www.jobsnepal.com/tor-for-short-term-consultancy-to-produce-the-national-dalit-childrens-rights-status-report-in-nepal-142953,TOR for Short-term Consultancy to produce the National Dalit Children's Rights Status Report in Nepal,FEDO,posted,2026-06-25T21:56:30.748486,109
05d288a898d62fd3,https://www.jobsnepal.com/falfal-kafaka-vanprvahanprka-lga-tharabhau-patara-quotation-maga-garaeka-samabnathha-sacana-142952,"फलफूल, कफिको विरूवाहरूको लागि दरभाउ पत्र (Quotation) माग गरिएको सम्बन्धी सुचना",Rural Economic Development Association,posted,2026-06-25T21:56:45.307392,111
58074ef0afdba6b2,https://www.jobsnepal.com/shalbnatha-katashana-aahavana-garaeka-sacana-142951,शिलबन्दी कोटेशन आह्वान गरिएको सूचना,National Farmers Group Federation Nepal (NFGF Nepal),posted,2026-06-25T21:56:48.716755,111
c75e1de481e4bd42,https://www.jobsnepal.com/national-volunteer-drr-and-cso-accountability-coordinator-142950,National Volunteer - DRR and CSO Accountability Coordinator,VSO Nepal,posted,2026-06-25T21:57:15.045423,113
ae15ef39d33c984c,https://www.jobsnepal.com/national-volunteer-resilient-livelihood-cso-accountability-coordinator-142949,National Volunteer - Resilient Livelihood & CSO Accountability Coordinator,VSO Nepal,posted,2026-06-25T21:57:39.880696,115
57aefff86f7d2ab2,https://www.jobsnepal.com/technical-support-142948,Technical Support,Uranus Tech Nepal Pvt Ltd,posted,2026-06-25T21:58:04.727218,117
d6e696c7c2ef080e,https://www.jobsnepal.com/flutter-app-developer-2-years-experience-or-above-142947,Flutter App Developer (2 Years Experience or above),HT Solution Pvt Ltd,posted,2026-06-25T21:58:31.665679,119
cc42a35e4f8d4f5b,https://www.jobsnepal.com/karjanha-construction-142946,Karjanha Construction,SOS Children's Villages Nepal,posted,2026-06-25T21:58:55.798093,121
6c6e95f2e9290f46,https://www.jobsnepal.com/residence-incharge-childrens-home-142945,Residence Incharge-Children’s Home,Kopila Valley Sewa Samaj,posted,2026-06-25T21:59:21.880853,123
197b9ced920d8961,https://www.jobsnepal.com/manatara-142944,मेन्टर,SETO GURANS NATIONAL CHILD DEVELOPMENT SERVICES,posted,2026-06-25T21:59:25.234987,123
490026e12b702bc7,https://www.jobsnepal.com/mechanical-engineer-142943,Mechanical Engineer,CLEAN UP NEPAL,posted,2026-06-25T21:59:50.548331,125
7af7d55b3f1c0cf1,https://www.jobsnepal.com/assistant-finance-officer-142942,Assistant Finance Officer,SETO GURANS NATIONAL CHILD DEVELOPMENT SERVICES,posted,2026-06-25T22:00:19.711362,127
226e61af04f9afdb,https://www.jobsnepal.com/crew-member-all-rounder-female-142941,Crew Member (All-rounder) - Female,JobsNepal.com Direct Recruitment Service,posted,2026-06-25T22:00:47.221887,129
59c341e624c5d1a4,https://www.jobsnepal.com/expression-of-interest-eoi-for-preparation-of-local-disaster-and-climate-resilience-framework-ldcrf-for-chandannath-municipality-and-tila-rural-municipality-of-jumla-district-142940,Expression of Interest (EOI) For “Preparation of Local Disaster and Climate Resilience Framework (LDCRF) for Chandannath Municipality and Tila Rural Municipality of Jumla District”,KIRDARC-Nepal,posted,2026-06-25T22:01:15.645759,131
1299680c88a23ac4,https://www.jobsnepal.com/request-for-quotation-142939,Request for Quotation,Manavsewa Ashram,posted,2026-06-25T22:01:39.680130,133
5668028867b26c95,https://www.jobsnepal.com/civil-engineer-142938,Civil Engineer,Rastriya Rojgar Prawardhan Kendra (Rautahat),posted,2026-06-25T22:02:04.562483,135
89fff570b0bddb6c,https://www.jobsnepal.com/karamacara-pathaparata-samabnathha-sacana-142937,कर्मचारी पदपूर्ति सम्बन्धी सूचना,Bheri Environmental Excellence Group (BEE-Group) Banke,posted,2026-06-25T22:02:07.863518,135
e142510b875e3f41,https://www.jobsnepal.com/driver-142936,Driver,British Gurkhas Nepal,posted,2026-06-25T22:02:33.042857,136
1b721256ce7558f9,https://www.jobsnepal.com/karamacara-pathaparata-samabnathha-sacana-142935,कर्मचारी पदपूर्ति सम्बन्धि सूचना,"Sundar Nepal Sanstha (BNA), surkhet",posted,2026-06-25T22:02:36.253775,136
846f29b45cdd4808,https://www.jobsnepal.com/provincial-program-officer-142934,Provincial Program Officer,Collective Campaign for Peace (COCAP),posted,2026-06-25T22:03:01.659243,138
ef552c8e4facbddb,https://www.jobsnepal.com/x-ray-technician-142933,X-ray Technician,Human Development and Community Services (HDCS),posted,2026-06-25T22:03:26.260255,140
0c89550882430702,https://www.jobsnepal.com/blpatara-aahavana-personal-hygiene-cfe-lahan-142932,बोलपत्र आह्वान - Personal Hygiene CFE Lahan,SOS Children's Villages Nepal,posted,2026-06-25T22:03:42.063359,142
18c22cc569d8c832,https://www.jobsnepal.com/team-lead-admin-finance-coordinator-142931,Team Lead / Admin & Finance Coordinator,Rastriya Rojgar Prawardhan Kendra (RRPK)- Malangwa,posted,2026-06-25T22:04:09.359012,144
2391ef262b4362de,https://www.jobsnepal.com/social-mobilizer-girls-education-program-female-142930,Social Mobilizer- Girls’ Education Program (Female),Suryodaya Club,posted,2026-06-25T22:04:34.909286,146
062927731c1ba2ab,https://www.jobsnepal.com/dietitian-142929,Dietitian,Together Against Childhood Cancer,posted,2026-06-25T22:05:02.372457,148
5ea7b219b9c06787,https://www.jobsnepal.com/vacancy-announcement-142928,Vacancy Announcement,Youth Acting for Change Nepal (YAC Nepal),posted,2026-06-25T22:05:27.688214,150
551094d9f0cf24c6,https://www.jobsnepal.com/business-coach-consultant-142927,Business Coach (Consultant),Daayitwa,flagged|no_apply_contact,2026-06-25T22:05:30.952824,
647b2ee5ce322c63,https://www.jobsnepal.com/request-for-bids-for-the-procurement-of-non-consulting-services-on-local-level-orientations-and-training-on-the-benefit-sharing-plan-142926,Request for Bids for the Procurement of Non-Consulting Services on Local-level orientations and training on the Benefit Sharing Plan,Rural Reconstruction Nepal,posted,2026-06-25T22:05:57.695645,152
e8dae5702bd142b8,https://www.jobsnepal.com/request-for-proposal-142925,Request for Proposal,Community Development Centre (CDC),posted,2026-06-25T22:06:27.417444,154
f62e7b80ff537d0b,https://www.jobsnepal.com/health-assistant-ha-or-cma-142924,Health Assistant (HA) or CMA,Nepal Children Helping Programme,posted,2026-06-25T22:06:47.181490,155
245d87aebc144131,https://www.jobsnepal.com/bkhara-goat-ra-vayada-bka-breed-buck-aaparataka-lga-tharabhau-katashana-maga-samabnathha-sacana-142923,बाख्रा (Goat) र व्याड बोका (Breed Buck) आपूर्तिका लागि दरभाउ (कोटेशन) माग सम्बन्धि सूचना,Forum for Rural Welfare and Agricultural Reform for Development (FORWARD) Nepal,posted,2026-06-25T22:07:04.356841,157
644a16ce03bfccde,https://www.jobsnepal.com/call-for-expression-of-interest-eoi-for-labour-market-assessment-142922,Call for Expression of Interest (EOI) for Labour Market Assessment,Forum for Rural Welfare and Agricultural Reform for Development (FORWARD) Nepal,posted,2026-06-25T22:07:30.071199,159
14b9033d4ca4a70c,https://www.jobsnepal.com/electrical-engineer-proposal-procurement-142921,Electrical Engineer – Proposal & Procurement,Equagen Engineers,posted,2026-06-25T22:07:53.703478,161
7a925dc4fdbd9e96,https://www.jobsnepal.com/call-for-expression-of-interest-eoi-for-value-chain-analysis-of-selective-sub-sectors-on-agricultural-commodity-142920,Call for Expression of Interest (EOI) for Value Chain Analysis of selective sub-sectors on Agricultural Commodity,Forum for Rural Welfare and Agricultural Reform for Development (FORWARD) Nepal,posted,2026-06-25T22:08:18.703604,163
66e08cfec7781422,https://www.jobsnepal.com/terms-of-reference-tor-individual-consultant-consultancy-firm-for-nature-based-solutions-nbs-success-case-story-documentation-142919,Terms of Reference (ToR) - Individual Consultant / Consultancy Firm for Nature-Based Solutions (NBS) Success Case Story Documentation,INSTITUTE FOR SOCIAL AND ENVIRONMENTAL TRANSITION NEPAL,posted,2026-06-25T22:08:42.513523,165
60caea3513428c88,https://www.jobsnepal.com/tor-for-hiring-of-media-houseconsultancy-firm-for-production-of-video-documentary-on-nexus-project-142918,ToR for Hiring of Media House/Consultancy Firm for Production of Video Documentary on NEXUS Project,INSTITUTE FOR SOCIAL AND ENVIRONMENTAL TRANSITION NEPAL,posted,2026-06-25T22:09:06.351162,167
8fa925a6371e637f,https://www.jobsnepal.com/terms-of-reference-tor-consultancy-firm-for-photo-story-book-documentation-and-publication-142917,Terms of Reference (ToR) - Consultancy Firm for Photo Story Book Documentation and Publication,INSTITUTE FOR SOCIAL AND ENVIRONMENTAL TRANSITION NEPAL,posted,2026-06-25T22:09:31.127141,169
41759f406916c040,https://www.jobsnepal.com/bim-engineerspecialist-142916,BIM Engineer/Specialist,Equagen Engineers,posted,2026-06-25T22:09:56.899656,171
93395ddc982a3445,https://www.jobsnepal.com/draftsperson-diploma-in-engineeringarchitecture-142915,Draftsperson (Diploma in Engineering/Architecture),Equagen Engineers,posted,2026-06-25T22:10:21.679192,173
f190bc9d402b0d47,https://www.jobsnepal.com/civil-structural-engineer-142914,Civil Structural Engineer,Equagen Engineers,posted,2026-06-25T22:10:46.143182,175
192199adcc499017,https://www.jobsnepal.com/knowledge-management-monitoring-and-evaluation-officer-142913,"Knowledge Management, Monitoring and Evaluation Officer",Women Leaders in Technology,posted,2026-06-25T22:11:12.212732,177
40285e3802b70d3c,https://www.jobsnepal.com/shalbnatha-blpatara-aahavanaka-sacana-142912,शिलबन्दी बोलपत्र आह्वानको सुचना,Rural Development Centre Nepal,posted,2026-06-25T22:11:17.912956,177
ed65d65e541de4ea,https://www.jobsnepal.com/electrical-design-engineer-142911,Electrical Design Engineer,Equagen Engineers,posted,2026-06-25T22:11:41.858121,179
9160a1b51a05ca39,https://www.jobsnepal.com/quality-control-officer-142909,Quality Control Officer,The Organic Valley Pvt Ltd,posted,2026-06-25T22:12:08.300921,181
0a9a18b27d4bc3f2,https://www.jobsnepal.com/graphic-designer-digital-marketing-142908,Graphic Designer/ Digital Marketing,Lotus Embrace Virtual Assistant,posted,2026-06-25T22:12:34.821898,183
eff545adb5e9eaec,https://www.jobsnepal.com/consultation-coordinatorresearch-assistant-142907,Consultation Coordinator/Research Assistant,Nepal Institute of Development Studies,posted,2026-06-25T22:12:59.189914,184
7fa513528ee4e31c,https://www.jobsnepal.com/varashhaka-lkhaparakashhanaeka-lga-parasatava-patara-aahavana-samabnathha-sacana-142906,वार्षिक लेखापरीक्षणका लागि प्रस्ताव - पत्र आह्वान सम्बन्धी सूचना,PeaceWin Nepal,posted,2026-06-25T22:13:03.288257,184
88c31881a00e952e,https://www.jobsnepal.com/sales-executive-142905,Sales Executive,NIP HOLDINGS PVT LTD (Langtang Grace Natural Mineral Water),posted,2026-06-25T22:13:27.003972,185
6dc0a5b8585d0b3e,https://www.jobsnepal.com/ranagana-bl-pasataka-tatha-anaya-shakashhaka-samagarahanpr-matharanae-samabnathha-blpatara-aahavana-142904,रङ्गीन बाल पुस्तक तथा अन्य शैक्षिक सामाग्रीहरू मुद्रण सम्बन्धी बोलपत्र आह्वान,Padhnako Lagi Kotha,posted,2026-06-25T22:13:30.307651,185
94e131ff1bfe9cae,https://www.jobsnepal.com/blpatara-aahavana-scholastic-materials-cfe-lahan-ganeshmancharnath-142903,बोलपत्र आह्वान - Scholastic Materials CFE Lahan & Ganeshmancharnath,SOS Children's Villages Nepal,posted,2026-06-25T22:13:44.920700,187
d16d40453002751d,https://www.jobsnepal.com/project-coordinator-142902,Project Coordinator,Divya Development Resource Centre Parsa,posted,2026-06-25T22:14:06.379504,189
bc3642fb18602ae7,https://www.jobsnepal.com/tharabhau-parasatava-aahavanaka-sacana-142900,दरभाउ प्रस्ताव आह्वानको सूचना,AMDA Nepal,posted,2026-06-25T22:14:12.493796,189
1ddcbdd4e29be991,https://www.jobsnepal.com/terms-of-reference-feasibility-study-and-participatory-needs-assessment-in-baragadhi-and-parwanipur-rural-municipalities-madhesh-province-nepal-142899,"TERMS OF REFERENCE : Feasibility Study and Participatory Needs Assessment in Baragadhi and Parwanipur Rural Municipalities, Madhesh Province, Nepal",Childaid Network Foundation,posted,2026-06-25T22:14:34.379541,191
ec8e4f5c7a66364e,https://www.jobsnepal.com/learn-to-lead-parayajanaka-lga-salbnatha-tharabhau-patara-aahavanaka-sacana-142898,Learn to Lead परियोजनाका लागि सिलबन्दी दरभाउ पत्र आह्वानको सूचना,Karnali Community Development Centre,posted,2026-06-25T22:14:49.761850,193
2fa53e8de2888b3a,https://www.jobsnepal.com/re-invitation-for-quotation-supply-delivery-of-laptops-142897,RE INVITATION FOR QUOTATION- Supply & delivery of Laptops,Renewable World,posted,2026-06-25T22:15:14.546605,195
689790fabb0e82a3,https://www.jobsnepal.com/terms-of-reference-feasibility-study-and-participatory-needs-assessment-in-ghyanglek-rural-municipality-sindhuli-district-nepal-142896,"TERMS OF REFERENCE : Feasibility Study and Participatory Needs Assessment in Ghyanglek Rural Municipality, Sindhuli District, Nepal",Childaid Network Foundation,posted,2026-06-25T22:15:36.620367,197
a4f08d99e7c7d5d8,https://www.jobsnepal.com/call-for-expression-of-interest-eoi-142895,Call for Expression of Interest (EoI),Zoological Society of London,posted,2026-06-25T22:16:00.644372,199
f3db55413ccde46d,https://www.jobsnepal.com/invitation-for-bid-142894,Invitation for Bid,International Nepal Fellowship (Nepal),posted,2026-06-25T22:16:24.940011,201
726da8b5f0acd4c7,https://www.jobsnepal.com/shalbnatha-katashana-aahavana-call-for-seal-quotation-142893,शिलबन्दी कोटेशन आह्वान (Call for Seal quotation),PeaceWin Nepal,posted,2026-06-25T22:16:40.114781,203
c8feab0b6c9c19f9,https://www.jobsnepal.com/various-position-142892,Various Position,Compassionate Hands For Nepal,flagged|no_apply_contact,2026-06-25T22:16:43.291713,
55d8b0594bc0262d,https://www.jobsnepal.com/tor-for-short-term-consultancy-on-report-on-the-status-of-the-rights-of-children-with-disabilities-in-nepal-142891,TOR for Short-term Consultancy on Report on the Status of the Rights of Children with Disabilities in Nepal,Blind Youth Association Nepal,posted,2026-06-25T22:17:14.592594,204
aeab76d90ad5a000,https://www.jobsnepal.com/technical-coordinator-142889,Technical Coordinator,SAHAMATI,posted,2026-06-25T22:17:39.298831,206
d611c8496adf0171,https://www.jobsnepal.com/supervisor-142888,Supervisor,jansanchar saving and credit cooperative ltd,posted,2026-06-25T22:17:51.717223,81
e50c69230d1589b3,https://www.jobsnepal.com/saca-tharata-garauna-samabnathha-sacana-142887,सूची दर्ता गराउने सम्बन्धी सूचना,Bagmati Welfare Society Nepal(BWSN),posted,2026-06-25T22:17:56.916646,206
39e40b949ff47e9b,https://www.jobsnepal.com/social-mobilizers-field-based-142886,Social Mobilizers (Field Based),Relief Nepal,posted,2026-06-25T22:18:21.989986,208
38e94223db5087e0,https://www.jobsnepal.com/expression-of-interest-eoi-for-statutory-audit-142885,Expression of Interest (EOI) for Statutory Audit,Relief Nepal,posted,2026-06-25T22:18:45.833200,210
01ba884062028386,https://www.jobsnepal.com/framework-agreement-for-digital-platform-services-for-cash-and-voucher-assistance-cva-142883,Framework Agreement for Digital Platform & Services for Cash and Voucher Assistance (CVA),Oxfam in Nepal,posted,2026-06-25T22:19:07.424557,212
9cf112921266e6bd,https://www.jobsnepal.com/terms-of-reference-for-baseline-study-of-food-security-resilient-livelihoods-focus-on-earthquake-affected-families-through-civil-society-strengthening-sustain-142882,"Terms of Reference for Baseline Study of Food security & resilient livelihoods, focus on earthquake affected families through civil society strengthening (SUSTAIN)",Welthungerhilfe,posted,2026-06-25T22:19:32.264130,214
6e1be498ff3aab6a,https://www.jobsnepal.com/rfp-for-consultant-conduct-a-comprehensive-mixed-method-baseline-study-on-the-rights-and-living-conditions-of-lgbtqi-children-and-youth-in-nepal-142881,"RFP for Consultant: Conduct a Comprehensive Mixed-Method Baseline Study on the Rights and Living Conditions of LGBTQI+ Children and Youth in Nepal""",Blue Diamond Society,posted,2026-06-25T22:19:56.665511,216
fee76219199f0e92,https://www.jobsnepal.com/field-researchers-142879,Field Researchers,Alliance Asia Nepal Private Ltd,posted,2026-06-25T22:20:20.398638,218
99a0ecf6b2bc033d,https://www.jobsnepal.com/request-for-bid-notice-142878,Request for Bid-Notice,Rural Reconstruction Nepal,posted,2026-06-25T22:20:45.641810,220
a4ab9e135936ec65,https://www.jobsnepal.com/internship-opportunity-youth-engagement-intern-142877,Internship Opportunity - Youth Engagement Intern,International Federation of Red Cross and Red Crescent Societies (IFRC),posted,2026-06-25T22:21:12.985065,222
361837d033e9f188,https://www.jobsnepal.com/aaparatakarata-sava-parathayaka-tatha-paravathhaka-vajania-sacakaranae-rasatara-tharatakalga-aahavana-142876,"आपूर्तिकर्ता, सेवा प्रदायक तथा प्राविधिक विज्ञ सूचिकरण (रोस्टर दर्ता)कालागि आह्वान",National Federation of the Disabled Nepal,posted,2026-06-25T22:21:18.718428,222
3ac707fbd08489b7,https://www.jobsnepal.com/consultancy-services-on-strengthening-community-preparedness-rapid-response-and-recovery-in-nepal-scopr3-ii-142875,"Consultancy Services on Strengthening Community Preparedness, Rapid Response and Recovery in Nepal (SCOPR3-II)",Oxfam in Nepal,posted,2026-06-25T22:21:40.419505,224
d9ba7eed464b5942,https://www.jobsnepal.com/saca-tharata-garana-samabnathha-sacana-142874,सूची दर्ता गर्ने सम्बन्धी सूचना,Rural Reconstruction Nepal,posted,2026-06-25T22:21:45.521191,224
3b00faaf3823afce,https://www.jobsnepal.com/agriculture-field-officer-142873,Agriculture Field Officer,The Organic Valley Pvt Ltd,posted,2026-06-25T22:22:12.512945,226
9dd86bf90b198b11,https://www.jobsnepal.com/expression-of-interest-eoi-for-development-of-digital-marketplace-platform-142872,Expression of Interest (EoI) for Development of Digital Marketplace Platform,dZi Foundation,posted,2026-06-25T22:22:37.696753,228
e994cfaab2e389b4,https://www.jobsnepal.com/karamacara-pathaparata-samabnathha-sacana-142871,कर्मचारी पदपूर्ति सम्बन्धि सूचना,Protection Nepal,posted,2026-06-25T22:22:40.988512,228
d2f39c1a408e7b2f,https://www.jobsnepal.com/request-for-proposal-rfp-for-consultancy-service-impact-assessment-samrakshyan-project-142870,Request for Proposal (RFP) For Consultancy Service - Impact Assessment Samrakshyan Project,CARE Nepal,posted,2026-06-25T22:23:03.835625,230
8bdaf8e560916e9a,https://www.jobsnepal.com/call-for-expression-of-interest-eoi-for-vendor-enlistment-in-rosterframework-agreement-year-2026-2027-142869,Call for Expression of Interest (EoI) for Vendor Enlistment in Roster/Framework Agreement Year 2026-2027,Shechen Karuna Nepal,posted,2026-06-25T22:23:28.327984,232
e2cda9a82f17bff0,https://www.jobsnepal.com/researchersquality-controller-142864,Researchers/Quality Controller,Solutions Consultant Private Limited,posted,2026-06-25T22:23:51.264152,233
ca8f74553fed1c6a,https://www.jobsnepal.com/senior-ai-focused-full-stack-developer-pythonreact-remote-142863,Senior AI-Focused Full Stack Developer (Python/React) – Remote,Vedh Tech LLC,posted,2026-06-25T22:24:14.605903,234
c81d6309297ab925,https://www.jobsnepal.com/pasal-farama-tatha-sava-parathayaka-sacakataka-lga-parakashata-garaeka-tasa-thana-sacana-142862,"पसल, फर्म तथा सेवा प्रदायक सुचिकृतका लागि प्रकाशित गरिएको ३० (तिस) दिने सुचना",SabalNepal,posted,2026-06-25T22:24:20.972890,234
e421a7599e28801e,https://www.jobsnepal.com/request-for-proposal-rfp-for-10-videos-production-based-on-10-book-titles-142861,Request for Proposal (RFP) for 10 Videos Production based on 10 book titles,Room to Read Nepal,posted,2026-06-25T22:24:43.751702,236
a2e06cfa6514a8e8,https://www.jobsnepal.com/counsellor-142858,Counsellor,International Nepal Fellowship (Nepal),posted,2026-06-25T22:25:14.139469,238
276f54b4d1319498,https://www.jobsnepal.com/request-for-proposal-ai-gamification-learning-application-142857,REQUEST FOR PROPOSAL: AI Gamification Learning Application,Save the Children,posted,2026-06-25T22:25:36.692001,240
7ec2a765bdcd113c,https://www.jobsnepal.com/terms-of-reference-baseline-study-and-impact-monitoring-survey-142856,TERMS OF REFERENCE - Baseline Study and Impact Monitoring Survey,Human Practice Foundation,posted,2026-06-25T22:26:00.687881,242
e5723aaec45af830,https://www.jobsnepal.com/blpataraka-sacana-aahavana-142855,बोलपत्रको सूचना आह्वान,Kalika Self Reliance Social Center,posted,2026-06-25T22:26:03.870013,242
9681dc05033cac82,https://www.jobsnepal.com/request-for-quotation-hiring-of-vehicle-electric-vehicle-ev-and-petrol-diesel-vehicles-142854,REQUEST FOR QUOTATION - Hiring of Vehicle (Electric Vehicle (EV) and Petrol / diesel vehicles),Islamic Relief Nepal,posted,2026-06-25T22:26:26.626425,244
258e3347c8c931f4,https://www.jobsnepal.com/sasaka-napalka-samajaka-ra-lgaka-apanagata-tatha-samajaka-samavashakaranae-adata-samabnathha-sava-kharatha-sacana-142853,सोसेक नेपालको सामाजिक र लैंगिक अपाङ्गता तथा सामाजिक समावेशीकरण अडिट सम्बन्धि सेवा खरिद सूचना !!,SOSEC Nepal,posted,2026-06-25T22:26:29.711366,244
570f660b045ff7fa,https://www.jobsnepal.com/call-for-consultants-expert-roster-registration-142852,Call for Consultants: Expert Roster Registration,Samvaad Nepal Pvt. Ltd,posted,2026-06-25T22:26:53.202822,246
b0c3ec59ab2a13ae,https://www.jobsnepal.com/executive-secretary-to-the-managing-director-only-female-142851,Executive Secretary to the Managing Director-Only Female,ACON TRAVEL AND TOURS PVT.LTD,posted,2026-06-25T22:27:15.952794,248
de34daa10196ac85,https://www.jobsnepal.com/sales-person-142850,Sales Person,Bucket List Mart Pvt Ltd,posted,2026-06-25T22:27:36.272738,249
6e2bc97ea800991f,https://www.jobsnepal.com/saca-tharataka-lga-sacana-aahavana-142849,सूची दर्ताका लागि सूचना आह्वान,Community Development and Environment Conservation Forum Nepal,posted,2026-06-25T22:27:40.915183,249
7ea829411ede47ad,https://www.jobsnepal.com/head-of-partnership-and-business-development-joint-country-office-jco-bangladesh-nepal-142848,Head of Partnership and Business Development (Joint Country Office (JCO) – Bangladesh & Nepal),Action Against Hunger | ACTION CONTRE LA FAIM (ACF),posted,2026-06-25T22:28:06.225834,251
beae70346385fafa,https://www.jobsnepal.com/tathayaka-vayavasathapana-athhakata-taha-142847,तथ्यांक व्यवस्थापन अधिकृत (तह–६),Backwardness Eradication society (BES) Nepal,posted,2026-06-25T22:28:09.286520,251
b36944323f4758ae,https://www.jobsnepal.com/terms-of-reference-142846,Terms of Reference,Rural Oriented Youth Movement Nepal (ROYM Nepal),posted,2026-06-25T22:28:35.055891,253
7eced570a701641d,https://www.jobsnepal.com/invitation-for-national-competitive-bid-tender-142845,Invitation for National Competitive Bid / Tender,Rotary Club of Dhading,posted,2026-06-25T22:29:01.361024,255
77c33e783e4d5cac,https://www.jobsnepal.com/research-fellow-142844,Research Fellow,CENTRE FOR SOCIAL CHANGE,posted,2026-06-25T22:29:24.774281,257
01e5dd321edc5b6d,https://www.jobsnepal.com/various-positions-142843,Various Positions,Rural Oriented Youth Movement Nepal (ROYM Nepal),posted,2026-06-25T22:29:50.346581,259
2f857cc4b27ab533,https://www.jobsnepal.com/terms-of-reference-video-development-wellness-tourism-and-ict-142841,Terms of Reference - Video Development – Wellness Tourism and ICT,DAI Global LLC,posted,2026-06-25T22:30:14.272734,261
a910f02dd15453c7,https://www.jobsnepal.com/vacancy-announcement-for-administrative-officer-based-in-kathmandu-142840,Vacancy Announcement for Administrative Officer based in Kathmandu,CARE Nepal,posted,2026-06-25T22:30:38.905059,263
442410428c3d157b,https://www.jobsnepal.com/vacancy-announcement-lecturer-in-computer-science-and-information-technology-142839,Vacancy Announcement: Lecturer in Computer Science and Information Technology,Nepalgunj Campus of Managment & Technology,posted,2026-06-25T22:31:02.901812,265
175a946b35849514,https://www.jobsnepal.com/expression-of-interest-eoi-for-epc-engineering-procurement-and-construction-services-for-the-establishment-of-three-3-integrated-processing-storage-and-market-centers-142838,"Expression of Interest (EoI) for EPC (Engineering, Procurement, and Construction) Services for the Establishment of Three (3) Integrated Processing, Storage, and Market Centers",dZi Foundation,posted,2026-06-25T22:31:29.082894,267
912301302b40bb4d,https://www.jobsnepal.com/aarathaka-varashha-ka-lga-sasathalii-aavashayaka-samagara-tatha-savahanprka-aaparata-garana-farama-tatha-kamapanahanprka-sacakaranae-samabnathhama-142836,आर्थिक वर्ष २०८३-८४ को लागि संस्थालाई आवश्यक सामग्री तथा सेवाहरूको आपुर्ति गर्ने फर्म तथा कम्पनीहरूको सुचिकरण सम्बन्धमा,Bikaska Lagi Ekata (SfD),posted,2026-06-25T22:31:32.298579,267
19cbe8381c21609d,https://www.jobsnepal.com/request-for-quotation-tools-equipments-142835,Request for Quotation-Tools & Equipment’s,dZi Foundation,posted,2026-06-25T22:31:57.092666,269
c4e4e15042dbd1ac,https://www.jobsnepal.com/1-programme-officer-2-admin-and-finance-officer-142833,1. Programme Officer 2. Admin and Finance Officer,Pravasi Nepali Coordination Committee,posted,2026-06-25T22:32:21.457606,271
6c0865b8eb1c9cef,https://www.jobsnepal.com/request-for-proposals-142827,REQUEST FOR PROPOSALS,Helvetas Nepal,posted,2026-06-25T22:32:44.418600,273
d747ba8379dc91bf,https://www.jobsnepal.com/various-positions-142826,Various Positions,Food For Life Nepal,posted,2026-06-25T22:32:56.675326,259
1080268842542cc8,https://www.jobsnepal.com/call-for-proposals-142823,Call for Proposals,Habitat Nepal,posted,2026-06-25T22:33:25.104890,275
0efd961ba2435344,https://www.jobsnepal.com/shalbnatha-blpatara-aahavana-142818,शिलबन्दी बोलपत्र आह्वान,Health Environment and Climate Action Foundation (HECAF 360),posted,2026-06-25T22:33:29.123990,275
3500dd18ddfb10c7,https://www.jobsnepal.com/shalbnatha-katashana-rfq-aahavanaka-sacana-142817,शिलबन्दी कोटेशन (RFQ) आह्वानको सूचना,Project Sarangi Foundation,posted,2026-06-25T22:33:42.753168,276
2abba6decf355638,https://www.jobsnepal.com/saca-tharata-garana-samabnathha-sacana-142816,सूचि दर्ता गर्ने सम्बन्धी सूचना,Samagra Jan Utthan Kendra (SAMAGRA),posted,2026-06-25T22:33:46.025970,276
069572e54448bf44,https://www.jobsnepal.com/senior-performance-marketing-manager-142811,Senior Performance Marketing Manager,IFRE Volunteers,posted,2026-06-25T22:34:08.727339,277
58e99567d57d96a6,https://www.jobsnepal.com/various-positions-142803,Various Positions,Anchor Of Hope,posted,2026-06-25T22:34:31.898707,279
8e9edd06cda08de4,https://www.jobsnepal.com/international-coordination-assistant-142800,International Coordination Assistant,Manavsewa Ashram,posted,2026-06-25T22:34:58.927054,281
40f6017f41a8ad1b,https://www.jobsnepal.com/paid-internship-jobs-142799,Paid Internship / Jobs,Global Venture Foundry,flagged|no_apply_contact,2026-06-25T22:35:02.157579,
11f6b741986853fa,https://www.jobsnepal.com/facilitation-of-co-created-agroecology-pilots-142794,Facilitation of co-created agroecology pilots,Fastenaktion Nepal,posted,2026-06-25T22:35:26.899060,283
7dc0e86f203068d1,https://www.jobsnepal.com/co-conceptualization-and-facilitation-of-youth-engagement-approach-in-agroecology-142791,Co-conceptualization and facilitation of youth engagement approach in agroecology,Fastenaktion Nepal,posted,2026-06-25T22:35:51.421877,285
d7d1b00af5dde3b8,https://www.jobsnepal.com/request-for-quotation-rfq-142790,Request for Quotation (RFQ),Youth Innovation Lab,posted,2026-06-25T22:36:16.919908,287
2fee877495a495bb,https://www.jobsnepal.com/invitation-to-bid-for-group-medical-and-personal-accidental-insurance-services-142784,Invitation to Bid for Group Medical and Personal Accidental Insurance Services,Good Neighbors International Nepal,posted,2026-06-25T22:36:44.083238,289
4d204896f1a3633e,https://www.jobsnepal.com/invitation-to-bid-for-annual-health-checkup-package-142783,Invitation to Bid for Annual Health Checkup Package,Good Neighbors International Nepal,posted,2026-06-25T22:37:10.087427,291
26da6457e5cc3294,https://www.jobsnepal.com/consultant-in-general-practice-mdgp-em-142782,Consultant in General Practice (MDGP-EM),United Mission to Nepal Medical and Development Trust Okhaldhunga Community Hospital,posted,2026-06-25T22:37:34.975105,293
51f1d6487d366a4a,https://www.jobsnepal.com/client-success-officer-142778,Client Success Officer,Aloi Private Limited,posted,2026-06-25T22:38:00.977974,295
5e276669620550c7,https://www.jobsnepal.com/call-for-tourism-experts-142777,Call for Tourism Experts,DAI Global LLC,posted,2026-06-25T22:38:26.062481,297
2c40a2239418ae3c,https://www.jobsnepal.com/expression-of-interest-eoi-142776,Expression of Interest (EoI),LI-BIRD,posted,2026-06-25T22:38:53.380803,299
5efa6d36c92371f0,https://www.jobsnepal.com/fresher-sales-associates-142774,Fresher Sales Associates,Seto Pixel Private Limited,posted,2026-06-25T22:39:19.679566,301
f001f3a7799c6dcf,https://www.jobsnepal.com/grant-call-announcement-142772,Grant Call Announcement,British Council,posted,2026-06-25T22:39:43.935361,303
db2bcc87707153b1,https://www.jobsnepal.com/travel-content-writer-142768,Travel Content Writer,Access Nepal Tour & Trekking,flagged|no_apply_contact,2026-06-25T22:40:11.755045,
003a020f4b4bf526,https://www.jobsnepal.com/announces-its-professional-research-publication-and-academic-support-services-142765,"ANNOUNCES ITS PROFESSIONAL RESEARCH, PUBLICATION AND ACADEMIC SUPPORT SERVICES",USP Consultancy,posted,2026-06-25T22:40:36.563226,305
31e0a81e08ab1ebe,https://www.jobsnepal.com/field-coordinator-142762,Field Coordinator,Shangri La Development Association,posted,2026-06-25T22:41:02.825563,307
78d727a4b2318ce2,https://www.jobsnepal.com/relaunch-of-request-for-proposal-conducting-social-audit-142760,RELAUNCH OF REQUEST FOR PROPOSAL Conducting Social Audit,Save the Children,posted,2026-06-25T22:41:26.425827,309
8cf242226bca319b,https://www.jobsnepal.com/cargo-management-officer-142758,Cargo Management Officer,Dynamic Supply Chain Management Private Limited,posted,2026-06-25T22:41:51.254553,311
61db368b9fdbb878,https://www.jobsnepal.com/invitation-for-expression-of-interest-eoi-from-interested-vendors-142753,Invitation for Expression of Interest (EOI) from Interested Vendors,Karkhana Samuha,posted,2026-06-25T22:42:15.112151,313
a0148f9cb1be1176,https://www.jobsnepal.com/content-creator-brand-presenter-142748,Content Creator & Brand Presenter,Funfurnish Pvt Ltd,posted,2026-06-25T22:42:40.939249,315
d5ed96927069d865,https://www.jobsnepal.com/legal-officer-142746,Legal Officer,Manavsewa Ashram,posted,2026-06-25T22:43:03.941206,317
e8751fbf4de0a105,https://www.jobsnepal.com/medical-report-reviewer-office-based-142736,Medical Report Reviewer (Office-Based),Evolve Vue Pvt Ltd,posted,2026-06-25T22:43:29.726255,319
bdca97998e07b240,https://www.jobsnepal.com/disability-inclusion-expert-142728,Disability Inclusion Expert,Nepal Disabled Women Association,posted,2026-06-25T22:43:53.107362,321
a1fdee933ef3d807,https://www.jobsnepal.com/digital-financial-inclusion-expert-142727,Digital Financial Inclusion Expert,Nepal Disabled Women Association,posted,2026-06-25T22:44:16.424338,323
21e29d2709c88a70,https://www.jobsnepal.com/request-for-quotation-research-on-climate-change-and-human-mobility-in-nepal-142725,Request for Quotation: Research on Climate Change and Human Mobility in Nepal,IOM Nepal,posted,2026-06-25T22:44:39.222603,324
39a67fba1054cb34,https://www.jobsnepal.com/social-media-marketing-manager-142719,Social Media & Marketing Manager,Navon Jobs,posted,2026-06-25T22:45:02.042854,325
44f95a5e803d360b,https://www.jobsnepal.com/sales-manager-142716,Sales Manager,Navon Jobs,posted,2026-06-25T22:45:24.820677,326
0104ce630d5fe634,https://www.jobsnepal.com/expression-of-interest-eoi-consultant-roster-individualfirm-142713,Expression of Interest (EOI) Consultant Roster (Individual/Firm),KOSHISH,posted,2026-06-25T22:45:48.142067,328
9cfbcc16aae134ea,https://www.jobsnepal.com/video-editor-142710,Video Editor,A Reputable Company,posted,2026-06-25T22:46:11.503907,330
75839e838eae7fe7,https://www.jobsnepal.com/content-creator-female-142709,Content Creator- Female,A Reputable Company,posted,2026-06-25T22:46:34.126180,332
04c7d0d549545723,https://www.jobsnepal.com/operation-manager-142708,Operation Manager,A Reputable Company,posted,2026-06-25T22:46:55.990092,334
f7850d2f0d4c7735,https://www.jobsnepal.com/customer-care-142707,Customer Care,A Reputable Company,posted,2026-06-25T22:47:18.167187,336
2a11ec890dc6754a,https://www.jobsnepal.com/call-for-expression-of-interest-eoi-142703,Call for Expression of Interest (EOI),Peace Brigades International Nepal,posted,2026-06-25T22:47:32.310016,199
e69248d79f60f186,https://www.jobsnepal.com/content-creator-work-from-home-142700,Content Creator (Work From Home),NOVA LINK TRANSPORT SDN BHD,posted,2026-06-25T22:47:59.270721,338
c6a86894c9e2220a,https://www.jobsnepal.com/sales-and-marketing-associate-142691,Sales and Marketing Associate,Mandala Foods Pvt.Ltd,posted,2026-06-25T22:48:22.387205,339
167f1a1965aae2e4,https://www.jobsnepal.com/business-development-specialist-142686,Business Development Specialist,Arukubossystems LLC,posted,2026-06-25T22:48:45.441067,341
3c48795e0d208722,https://www.jobsnepal.com/research-and-marketing-officer-assistant-142683,Research and Marketing Officer / Assistant,Asian Center for Development Pvt.Ltd.,posted,2026-06-25T22:49:06.235672,342
cd3bf7ddc0a7005e,https://www.jobsnepal.com/tourticketing-officerassistant-142682,Tour/Ticketing officer/Assistant,Asian Center for Development Pvt.Ltd.,posted,2026-06-25T22:49:27.257691,343
91c0ab58be1c2c3f,https://www.jobsnepal.com/technical-sales-engineer-142681,Technical Sales Engineer,Albelo Multi Trading Pvt Ltd,posted,2026-06-25T22:49:51.455530,345
dd4366510eae11c2,https://www.jobsnepal.com/sales-person-retail-samakhushi-kathmandu-142680,Sales Person Retail- Samakhushi Kathmandu,Himalaya Nexus Consultants,posted,2026-06-25T22:50:12.546360,346
8deef650ee2c19b2,https://www.jobsnepal.com/call-for-expression-of-interest-eoi-consultant-roster-142664,Call for Expression of Interest (EOI): Consultant Roster,Development Management Institute,posted,2026-06-25T22:50:34.164146,348
c10c3b878f3d0534,https://www.jobsnepal.com/growth-marketing-executive-142660,Growth Marketing Executive,Ren Recruiting,posted,2026-06-25T22:50:58.199271,349
35c9152c9825b6f0,https://www.jobsnepal.com/saca-tharataka-lga-sacana-aahavana-142651,सूची दर्ताका लागि सूचना आह्वान,PRAYAS Nepal,posted,2026-06-25T22:51:01.438894,349
460cf073279d56fe,https://www.jobsnepal.com/sustainability-coordinator-142647,Sustainability Coordinator,Kopila Valley Sewa Samaj,posted,2026-06-25T22:51:26.592116,351
865ca39815019af0,https://www.jobsnepal.com/senior-software-engineer-142632,Senior Software Engineer,Truckit.net Pty Ltd,posted,2026-06-25T22:51:50.712318,353
9409420f933fbae6,https://www.jobsnepal.com/customer-service-representative-142628,Customer Service Representative,Himalaya Nexus Consultants,posted,2026-06-25T22:52:13.523941,354
39c55f3ba0a07f0e,https://www.jobsnepal.com/call-for-expression-of-interest-for-annual-vendor-listing-142627,Call for Expression of Interest for Annual Vendor Listing,Creasion,posted,2026-06-25T22:52:36.567666,356
c8a25719cf4a1f97,https://www.jobsnepal.com/carpet-rug-loom-inspector-142623,Carpet / Rug Loom Inspector,Kamal Rug,posted,2026-06-25T22:53:00.970185,358
e828c32c19eaaa73,https://www.jobsnepal.com/it-coordinator-142618,IT Coordinator,Kopila Valley School Pvt Ltd,posted,2026-06-25T22:53:26.048642,360
24db35820a5b9d7e,https://www.jobsnepal.com/saca-tharata-samabnathha-sacana-142614,सूची दर्ता सम्बन्धि सूचना,Maiti Nepal,posted,2026-06-25T22:53:31.190838,360
3e6ea169057f8834,https://www.jobsnepal.com/khathayananatarakarafalfal-tatha-tavaiiltaraja-samabnathha-blpatara-aahavana-garaeka-sacana-142613,"खाद्यान्न,तरकारी,फलफुल तथा ट्वाईलेटरिज सम्बन्धि बोलपत्र आह्वान गरिएको सूचना",Maiti Nepal,posted,2026-06-25T22:53:36.339125,360
579ee859ed910c81,https://www.jobsnepal.com/constructioncontract-engineer-142606,Construction/Contract Engineer,Legal Engineering Consultancy,posted,2026-06-25T22:54:01.646089,362
7da0d60ff50087bd,https://www.jobsnepal.com/finance-and-admin-assistant-142601,Finance and Admin Assistant,Daayitwa,flagged|no_apply_contact,2026-06-25T22:54:04.837150,
d85f1cac0d7f370c,https://www.jobsnepal.com/online-chat-and-call-support-agent-142584,Online Chat and Call Support Agent,Joy Technology,posted,2026-06-25T22:54:27.348696,364
49cdd0119ca5d09a,https://www.jobsnepal.com/production-technical-support-142578,PRODUCTION TECHNICAL SUPPORT,IEC PLANT ENGINEERING SDN BHD,posted,2026-06-25T22:54:47.922760,365
bb254749e9f529cf,https://www.jobsnepal.com/invitation-for-bids-142571,Invitation for Bids,Rural Women Development Centre,posted,2026-06-25T22:55:12.974352,367
5efb2292d94f8107,https://www.jobsnepal.com/marketing-communication-executive-avl-event-technology-142980,Marketing & Communication Executive (AVL / Event Technology),TECH TRUST PVT LTD,posted,2026-06-26T09:41:16.598933,569
966f1a0931344a93,https://www.jobsnepal.com/terms-of-reference-for-a-study-on-the-impact-of-human-wildlife-conflict-on-agriculture-and-socio-economic-conditions-in-achham-district-142978,Terms of Reference for a Study on the Impact of Human-Wildlife Conflict on Agriculture and Socio-Economic Conditions in Achham District,Welthungerhilfe,posted,2026-06-26T09:41:43.968610,571
a2d7673a8938f23b,https://www.jobsnepal.com/vacancy-announcement-multiple-positions-142989,VACANCY ANNOUNCEMENT: MULTIPLE POSITIONS,World Vision International Nepal,posted,2026-06-26T14:39:28.631081,573
88b79a40117b48cb,https://www.jobsnepal.com/digital-marketing-content-executive-142988,Digital Marketing & Content Executive,BrainCast Technologies,posted,2026-06-26T14:39:57.767675,575
50c25b5ca1824d1f,https://www.jobsnepal.com/expression-of-interest-eoi-142987,Expression of Interest (EOI),Rural Health and Education Service Trust (RHEST),flagged|no_apply_contact,2026-06-26T14:40:01.261196,
d892be4c06db753f,https://www.jobsnepal.com/expression-of-interest-eoi-for-hiring-consultantsexpertsfirms-142986,Expression of Interest (EoI) For Hiring Consultants/Experts/Firms,National Campaign for Education Nepal (NCE Nepal),posted,2026-06-26T14:40:32.869090,577
3231ad42e58c6cff,https://www.jobsnepal.com/various-positions-142985,Various Positions,International Nepal Fellowship (Nepal),posted,2026-06-26T14:41:03.716076,579
e5ab36695d17e326,https://www.jobsnepal.com/shalbnatha-katashana-aahavanaka-sacana-142984,शिलबन्दी कोटेशन आह्वानको सूचना,Rural Development Centre Nepal,posted,2026-06-26T14:41:10.348773,579
8670f212c8fbdcfe,https://www.jobsnepal.com/tor-for-youth-innovation-challenge-142983,ToR for Youth Innovation Challenge,DanChurchAid (DCA),posted,2026-06-26T14:41:46.985588,581
adccb2f105c25874,https://www.jobsnepal.com/notice-for-annual-vendor-roster-142982,Notice for Annual Vendor Roster,Prakriti Resources Centre,posted,2026-06-26T14:42:14.491802,582
e38413047f38222c,https://www.jobsnepal.com/farm-house-worker-required-142981,FARM HOUSE WORKER REQUIRED,GAU FARKA AGRO FARM,posted,2026-06-26T14:42:40.997914,583
1ca697a9e43b345f,https://www.jobsnepal.com/business-development-officer-bdo-142992,Business Development Officer (BDO),RUDAS Nepal Rolpa,posted,2026-06-28T04:25:17.936513,585
98154e2245a74088,https://www.jobsnepal.com/project-coordinator-admin-and-finance-officer-142991,Project Coordinator / Admin and Finance Officer,PESWAN (Preservation of Environment and Social Welfare Association of Nepal),posted,2026-06-28T04:25:46.211040,587
f845289214fea1e2,https://www.jobsnepal.com/psychosocial-counselling-officer-142990,Psychosocial counselling Officer,NNSWA,posted,2026-06-28T04:26:18.807223,589
ed31414867193f4a,https://www.jobsnepal.com/request-for-proposal-rfp-consultancy-service-for-organizational-policy-and-guideline-review-revision-and-development-142996,"Request for Proposal (RFP): Consultancy Service for Organizational Policy and Guideline Review, Revision, and Development",Dalit Society Welfare Committee Nepal,posted,2026-06-28T09:22:17.701370,591
6d9a051e2defb605,https://www.jobsnepal.com/clinic-incharge-142995,Clinic Incharge,Samaj Dental,posted,2026-06-28T09:22:45.877773,593
f961d69b2abc946e,https://www.jobsnepal.com/expression-of-interest-eoi-for-epc-engineering-procurement-and-construction-services-for-the-establishment-of-maize-based-animal-feed-processing-center-142994,"Expression of Interest (EoI) for EPC (Engineering, Procurement, and Construction) Services for the establishment of Maize-Based Animal Feed Processing Center",dZi Foundation,posted,2026-06-28T09:23:15.346393,595
5ef15e5716eebb04,https://www.jobsnepal.com/eoi-for-epc-engineering-procurement-and-construction-services-for-the-establishment-of-peanut-processing-pilgrim-market-hub-142993,"EoI for EPC (Engineering, Procurement, and Construction) services for the Establishment of Peanut Processing & Pilgrim Market Hub",dZi Foundation,posted,2026-06-28T09:23:43.278676,597
8526ab8f3526fd06,https://www.jobsnepal.com/accountant-construction-company-142999,Accountant (Construction Company),JobsNepal.com Direct Recruitment Service,posted,2026-06-28T14:06:46.505004,599
5e1a6dd7c73fe998,https://www.jobsnepal.com/expression-of-interest-eoi-for-engineering-procurement-and-construction-epc-142998,"Expression of Interest (EOI) for Engineering, Procurement, and Construction (EPC)","Hamro Prayash Nepal, Sindhuli",posted,2026-06-28T14:07:10.912230,600
b757a529903ecd84,https://www.jobsnepal.com/textile-general-sourcing-142997,Textile & General Sourcing,Albelo Multi Trading Pvt Ltd,posted,2026-06-28T14:07:37.064451,602
9602da276f195fa1,https://www.jobsnepal.com/sales-and-marketing-142975,Sales and Marketing,Durba Tech Company Pvt Ltd,failed|wp_post_failed_or_skipped,2026-06-28T14:07:45.000315,
563c6a508b696ddb,https://www.jobsnepal.com/savayasavaka-shakashhaka-volunteer-teacher-143002,स्वयंसेवक शिक्षक (Volunteer Teacher),Community Development & Advocacy Forum Nepal,posted,2026-06-29T04:44:20.905105,604
79bbe2faa12ea2ae,https://www.jobsnepal.com/call-for-consultant-143001,Call for consultant,Women Leaders in Technology,posted,2026-06-29T04:44:49.365608,606
9514057c0cb70e5d,https://www.jobsnepal.com/udl-universal-design-for-learning-training-trainerconsultant-142979,UDL (Universal Design for Learning) Training Trainer/Consultant,Forward Looking,posted,2026-06-29T04:45:19.407709,608
d8c3ede5ee0e192a,https://www.jobsnepal.com/majatha-saca-tharatasacakata-garauna-samabnathha-sacana-143009,मौजुदा सूची दर्ता/सूचीकृत गराउने सम्बन्धी सूचना,Dalit Janajati Utthan Kendra,posted,2026-06-29T11:13:57.484399,608
648988ddeecb6d3a,https://www.jobsnepal.com/majatha-saca-tharata-garana-samabnathha-sacana-143008,मौजुदा सूची दर्ता गर्ने सम्बन्धी सूचना,HURENDEC,posted,2026-06-29T11:14:01.277572,608
16f4c8c597f046d3,https://www.jobsnepal.com/kitchen-hand-143007,Kitchen Hand,British Gurkhas Nepal,posted,2026-06-29T11:14:35.474201,609
6e4680dc99793863,https://www.jobsnepal.com/various-positions-143006,Various Positions,Everest Club,posted,2026-06-29T11:14:48.583975,508
4f832b852989568f,https://www.jobsnepal.com/executive-assistant-to-country-representative-143005,Executive Assistant to Country Representative,WWF Nepal,posted,2026-06-29T11:15:19.353965,611
11f0f2133e10b384,https://www.jobsnepal.com/notice-for-bid-143004,NOTICE FOR BID,Himalayan Community Development Forum (HICODEF),posted,2026-06-29T11:15:50.102532,613
8021ca1b7f495955,https://www.jobsnepal.com/various-positions-143003,Various Positions,"RUWDUC, DADELDHURA",posted,2026-06-29T11:16:00.121428,259
ce76a948cece6b22,https://www.jobsnepal.com/call-for-consultant-143000,Call for consultant,Women Leaders in Technology,posted,2026-06-29T11:16:27.603873,615
5565290202517ef5,https://www.jobsnepal.com/expression-of-interest-eoi-notice-development-and-implementation-of-a-centralized-monitoring-evaluation-accountability-and-learning-meal-data-management-system-143011,"Expression of Interest (EOI) Notice Development and Implementation of a Centralized Monitoring, Evaluation, Accountability and Learning (MEAL) Data Management System",Centre for Mental Health & Counselling Nepal,posted,2026-06-29T15:59:55.002165,617
68f32b4d24e859c9,https://www.jobsnepal.com/program-manager-143010,Program Manager,Peace Nepal,posted,2026-06-29T16:00:25.747526,619
202c89615c91fa7a,https://www.jobsnepal.com/invitation-of-sealed-bids-for-supplying-business-start-up-materials-for-women-led-enterprises-143016,Invitation of sealed bids for supplying Business Start-Up Materials for Women-Led Enterprises,Rural Reconstruction Nepal,posted,2026-06-30T09:54:31.131332,621
14bdb47eff0e6d02,https://www.jobsnepal.com/terms-of-reference-tor-develop-climate-resilient-health-policy-in-parsa-rural-municipality-sarlahi-district-madhesh-province-nepal-143015,"Terms of Reference (TOR) - Develop Climate Resilient Health Policy in Parsa Rural Municipality, Sarlahi District, Madhesh Province, Nepal",Rural Oriented Youth Movement Nepal (ROYM Nepal),posted,2026-06-30T09:55:05.269666,623
ddb37b9ba10a52a2,https://www.jobsnepal.com/terms-of-reference-tor-consultant-for-disaster-risk-management-143013,TERMS OF REFERENCE (ToR) - Consultant for Disaster Risk Management,INSTITUTE FOR SOCIAL AND ENVIRONMENTAL TRANSITION NEPAL,posted,2026-06-30T09:55:37.960717,625
a52122ff09f55441,https://www.jobsnepal.com/various-positions-143012,Various Positions,Institute of Himalayan Risk Reduction,posted,2026-06-30T09:55:53.108851,259
ae8773eee16d3ac7,https://www.jobsnepal.com/salesperson-143017,SALESPERSON,Himalaya Nexus Consultants,posted,2026-06-30T14:34:23.559701,626
174be42702cff9a7,https://www.jobsnepal.com/karamacara-aavashayakata-samabnathha-sacana-143021,कर्मचारी आवश्यकता सम्बन्धी सूचना,National Farmers Group Federation Nepal (NFGF Nepal),posted,2026-07-01T04:27:17.078389,626
49b6c1ddb9544564,https://www.jobsnepal.com/blpatara-samabnathha-sacana-stationery-materials-ha-flood-143020,बोलपत्र सम्बन्धी सूचना (Stationery Materials-HA Flood),SOS Children's Villages Nepal,posted,2026-07-01T04:27:40.753496,628
65d98c22d6b6fade,https://www.jobsnepal.com/karamacara-pathaparata-samabnathha-sacana-143019,कर्मचारी पदपूर्ति सम्बन्धि सूचना,"Sundar Nepal Sanstha (BNA), surkhet",posted,2026-07-01T04:27:44.636382,628
dc3ea7ed7da4bb8a,https://www.jobsnepal.com/call-for-consultants-for-the-development-of-digital-toolkit-for-csos-and-youths-143018,Call for Consultants for the Development of Digital Toolkit for CSOs and Youths,Restless Development,posted,2026-07-01T04:28:13.283066,629
e31ec82a54c019bc,https://www.jobsnepal.com/request-for-proposal-rfp-nutrition-assessment-consultant-143014,Request for Proposal (RFP): Nutrition Assessment Consultant,Lutheran World Relief,posted,2026-07-01T04:28:39.545870,631
660e1773738a5660,https://www.jobsnepal.com/various-positions-143027,Various Positions,SAHAS Nepal,posted,2026-07-01T10:03:00.812049,259
d583d96b8f23e9f1,https://www.jobsnepal.com/request-for-proposals-rfp-video-production-company-143026,Request for Proposals (RFP): Video Production Company,Alliance Asia Nepal Private Ltd,posted,2026-07-01T10:03:25.821797,633
4ece6d18fab8ea80,https://www.jobsnepal.com/request-for-proposal-rfp-child-protection-in-emergency-cpie-training-for-local-child-right-committee-member-143025,Request for Proposal (RFP) - Child Protection in Emergency (CPiE) Training For Local Child Right Committee Member,NNSWA,posted,2026-07-01T10:03:55.668832,635
d73dc0684a32679e,https://www.jobsnepal.com/field-supervisor-143024,Field Supervisor,HURENDEC,posted,2026-07-01T10:04:21.805467,637
f41eac73cea69070,https://www.jobsnepal.com/request-for-quotation-for-consultancy-service-for-transcriptiontranslation-of-audio-and-srt-files-143023,Request for Quotation for Consultancy service for Transcription/Translation of Audio and SRT files,Mercy Corps,posted,2026-07-01T10:04:47.582627,639
d214594ab4a8fe58,https://www.jobsnepal.com/shalbnatha-katashana-aahavana-samabnathha-sacana-143036,शिलबन्दी कोटेशन आह्वान सम्बन्धि सूचना,Rural Development Centre Nepal,posted,2026-07-01T14:51:15.447133,639
28762ca7207afafa,https://www.jobsnepal.com/communication-officer-143035,Communication Officer,One Heart Worldwide,flagged|no_apply_contact,2026-07-01T14:51:18.837241,
f466aa8ed001db88,https://www.jobsnepal.com/laravel-developer-proprietary-cms-erp-integration-143034,Laravel Developer – Proprietary CMS & ERP Integration,Doublard Design Pvt. Ltd,posted,2026-07-01T14:52:01.914192,641
8eb53792782db28f,https://www.jobsnepal.com/sacatharata-garana-samabnathha-sacana-143033,सूचीदर्ता गर्ने सम्बन्धी सूचना,Action Nepal,posted,2026-07-01T14:52:07.696847,641
1cc5571a1dc8cef0,https://www.jobsnepal.com/request-for-proposal-video-documentary-143032,Request For Proposal- Video Documentary,CEAPRED,posted,2026-07-01T14:52:39.915525,643
6b2fe31ae8a4a603,https://www.jobsnepal.com/sealed-quotation-notice-procurement-of-seeds-and-agriculture-materials-143031,SEALED QUOTATION NOTICE - Procurement of Seeds and Agriculture Materials,Karnali Community Development Centre,posted,2026-07-01T14:53:12.622718,645
7c08ef7b94fff60d,https://www.jobsnepal.com/call-for-expression-of-interest-eoi-for-baseline-survey-for-hope-project-143030,Call for Expression of Interest (EOI) for Baseline Survey for HOPE Project,SAHAS Nepal,posted,2026-07-01T14:53:43.558290,647
10a9636ef9b8d04b,https://www.jobsnepal.com/tor-for-individual-consultancy-143029,ToR for Individual Consultancy,LIFE Nepal,posted,2026-07-01T14:54:17.405177,649
f3e6f59df3dc1e74,https://www.jobsnepal.com/saca-tharata-garana-samabnathha-sacana-143028,सूचि दर्ता गर्ने सम्बन्धी सूचना,LIFE Nepal,posted,2026-07-01T14:54:22.864511,649
d44af4e6c159a36d,https://www.jobsnepal.com/operations-assistant-143043,Operations assistant,Kamal Rug,posted,2026-07-02T09:26:03.971509,651
bc96801eb8cba95b,https://www.jobsnepal.com/aarathaka-varashha-ka-lga-majatha-saca-tharata-garana-samabnathha-sacana-143042,आर्थिक वर्ष २०८३/२०८४ का लागि मौजुदा सूची दर्ता गर्ने सम्बन्धी सूचना,Multipurpose Development Society (MPDS),posted,2026-07-02T09:26:07.521481,651
92e458c8238a7186,https://www.jobsnepal.com/various-positions-143040,Various Positions,Multipurpose Development Society (MPDS),posted,2026-07-02T09:26:20.306040,259
dbe55ec187d21728,https://www.jobsnepal.com/aaparatakarata-saca-tharata-samabnathha-sacana-143039,आपूर्तिकर्ता सूची दर्ता सम्बन्धी सूचना,"Integrated Community Development Campaign, ICDC Nepal Dhadingbensi, Dhading",posted,2026-07-02T09:26:23.809668,651
21d98734601f2e11,https://www.jobsnepal.com/request-for-proposal-143038,Request for Proposal,Community Development Centre (CDC),posted,2026-07-02T09:26:53.287142,653
925a4adb8dfce043,https://www.jobsnepal.com/expression-of-interest-eoi-notice-143037,Expression of Interest (EOI) Notice,Shechen Karuna Nepal,posted,2026-07-02T09:27:20.559578,655
686069be66d5ab4c,https://www.jobsnepal.com/call-for-expression-of-interest-eoi-for-project-partners-143022,CALL FOR EXPRESSION OF INTEREST (EOI) For Project Partners,Welthungerhilfe,posted,2026-07-02T09:27:46.907479,657
f829807e8d70ad70,https://www.jobsnepal.com/terms-of-reference-for-municipal-innovation-fellowship-143056,TERMS OF REFERENCE For MUNICIPAL INNOVATION FELLOWSHIP,Heifer Project Nepal,failed|wp_post_failed_or_skipped,2026-07-02T14:21:28.485877,
cdbe392a606dac44,https://www.jobsnepal.com/trainee-programme-funding-associate-143055,Trainee (Programme Funding Associate),DanChurchAid (DCA),failed|wp_post_failed_or_skipped,2026-07-02T14:22:05.885991,
44980ba17b121c8c,https://www.jobsnepal.com/terms-of-reference-for-statutory-audit-143054,Terms of Reference for Statutory Audit,Welthungerhilfe,failed|wp_post_failed_or_skipped,2026-07-02T14:22:40.727290,
5b290c5d17cce31d,https://www.jobsnepal.com/generator-operator-143053,Generator Operator,British Gurkhas Nepal,failed|wp_post_failed_or_skipped,2026-07-02T14:23:13.567689,
279c6e636251a2a7,https://www.jobsnepal.com/project-coordinator-143052,Project Coordinator,Childaid Network Foundation,failed|wp_post_failed_or_skipped,2026-07-02T14:23:45.807550,
d596f5b18725face,https://www.jobsnepal.com/katashana-aahavana-garaeka-samabnathhama-request-for-quotation-143051,कोटेशन आह्वान गरिएको सम्बन्धमा (REQUEST FOR QUOTATION),Sindhuli Integrated Development Services Nepal (SIDS Nepal),failed|wp_post_failed_or_skipped,2026-07-02T14:24:09.401601,
38b9a399911e76ff,https://www.jobsnepal.com/shalbnatha-katashana-aahavanaka-sacana-143050,शिलबन्दी कोटेशन आह्वानको सूचना,Sindhuli Integrated Development Services Nepal (SIDS Nepal),failed|wp_post_failed_or_skipped,2026-07-02T14:24:31.633801,
1571245a07b98b94,https://www.jobsnepal.com/senior-communication-and-monitoring-officer-143048,Senior Communication and Monitoring Officer,HERD International,failed|wp_post_failed_or_skipped,2026-07-02T14:25:07.907989,
2b17249863a049b0,https://www.jobsnepal.com/terms-of-reference-tor-accounting-software-for-non-profit-organization-143047,Terms of Reference (TOR) - Accounting Software for Non-Profit Organization,Himalayan Permaculture Center (HPC),failed|wp_post_failed_or_skipped,2026-07-02T14:25:39.919927,
24401e497f549907,https://www.jobsnepal.com/program-coordinator-female-field-supervisor-female-143046,Program Coordinator (Female) / Field Supervisor (Female),KIRDARC-Nepal,failed|wp_post_failed_or_skipped,2026-07-02T14:26:17.387455,
42f195a3372a90f8,https://www.jobsnepal.com/expression-of-interest-consultant-roster-2026-143045,Expression of Interest (Consultant Roster 2026),Traibidya Foundation,failed|wp_post_failed_or_skipped,2026-07-02T14:26:49.557619,
5eb4b1b4ad29fb7f,https://www.jobsnepal.com/senior-advocacy-and-influencing-officer-143044,Senior Advocacy and Influencing Officer,Mercy Corps,failed|wp_post_failed_or_skipped,2026-07-02T14:27:24.930261,
c9bdd1170a80975d,https://www.jobsnepal.com/operations-officer-143068,Operations Officer,Manavsewa Ashram,posted,2026-07-03T09:31:37.108289,659
9f1f9464c38827fe,https://www.jobsnepal.com/sava-parathayaka-aavashayakata-samabnathha-sacana-143066,सेवा प्रदायक आवश्यकता सम्बन्धि सूचना,Rastriya Rojgar Prawardhan Kendra RRPK,posted,2026-07-03T09:31:40.951543,659
326119c0d343e219,https://www.jobsnepal.com/request-for-proposal-gender-equality-disability-and-social-inclusion-gedsi-analysis-143065,"REQUEST FOR PROPOSAL: Gender Equality, Disability and Social Inclusion-GEDSI Analysis",Good Neighbors Nepal,posted,2026-07-03T09:32:16.193165,661
ee83a91860f2e0bd,https://www.jobsnepal.com/front-desk-officer-143064,Front Desk Officer,Aarambha Sanskar Vidhyalaya,posted,2026-07-03T09:32:46.951326,662
f13e87677cc58bca,https://www.jobsnepal.com/hp-tonner-cartridge-blpatara-143062,HP TONNER CARTRIDGE बोलपत्र,SOS Children's Villages Nepal,posted,2026-07-03T09:33:11.463389,664
c9fe67d055f38abb,https://www.jobsnepal.com/shalbnatha-tharabhau-patara-tatha-sacakataka-lga-aahavana-garaeka-sacana-143061,शिलबन्दी दरभाउ पत्र तथा सूचिकृतका लागि आह्वान गरिएको सूचना,DDS Salyan,posted,2026-07-03T09:33:15.541953,664
bdabd04b5ff8d4c0,https://www.jobsnepal.com/various-positions-143060,Various Positions,Jan Chetna Abhiyan Nepal,posted,2026-07-03T09:33:28.397169,259
3611fd2180f85e62,https://www.jobsnepal.com/request-for-proposal-rfp-for-project-final-evaluation-143058,Request for Proposal (RFP) for Project Final Evaluation,Heifer International Nepal,posted,2026-07-03T09:33:56.571430,666
fb8515c6777e02ef,https://www.jobsnepal.com/advertisement-of-business-opportunities-143057,ADVERTISEMENT OF BUSINESS OPPORTUNITIES,Federation of Sexual and Gender Minorities Nepal,posted,2026-07-03T09:34:27.344136,668
32f42d000472e2b7,https://www.jobsnepal.com/call-for-expression-of-interest-eoi-for-statutory-audit-143049,CALL FOR EXPRESSION OF INTEREST (EoI) FOR STATUTORY AUDIT,"Jalpa Integrated Development Society(JIDS), Udayapur",posted,2026-07-03T09:34:55.365313,670
b74d4996407708e5,https://www.jobsnepal.com/consultant-in-general-practice-mdgp-em-obstetriciangynaecologist-143079,Consultant in General Practice (MDGP-EM) & Obstetrician/Gynaecologist,United Mission to Nepal Medical and Development Trust Okhaldhunga Community Hospital,posted,2026-07-03T14:26:47.357445,672
12320c00ccb1c74e,https://www.jobsnepal.com/blpatara-aahavana-samabnathha-sacana-143078,बोलपत्र आह्वान सम्बन्धी सूचना,PeaceWin Nepal,posted,2026-07-03T14:26:51.565724,672
2f5aa99c25a5fbe4,https://www.jobsnepal.com/sub-engineer-143077,Sub-Engineer,Manavsewa Ashram,posted,2026-07-03T14:27:19.209153,674
b66ad2604d6cfeae,https://www.jobsnepal.com/call-for-consultancy-roster-143076,Call for Consultancy Roster,Oxfam in Nepal,posted,2026-07-03T14:27:43.732640,676
4cdf7525eaad30d1,https://www.jobsnepal.com/request-for-quotation-rfqrenovation-of-balbalika-khojtalas-pradesh-samanwai-kendra-104-143075,Request for Quotation (RFQ):Renovation of Balbalika Khojtalas Pradesh Samanwai Kendra 104,Bagmati Welfare Society Nepal(BWSN),posted,2026-07-03T14:28:13.070982,678
b42522ffb75eeee9,https://www.jobsnepal.com/graphics-designer-and-video-editor-re-call-143074,Graphics Designer and Video Editor (Re-Call),Youth Innovation Lab,posted,2026-07-03T14:28:44.413247,680
dfdc5e9e5c311735,https://www.jobsnepal.com/request-for-proposal-143073,Request for Proposal,Rural Community Development Center (RCDC) Besishahar,posted,2026-07-03T14:29:09.077415,682
5759d062f8120165,https://www.jobsnepal.com/infrastructure-development-officer-143072,Infrastructure Development Officer,Human Practice Foundation,posted,2026-07-03T14:29:34.878577,684
5ef47c3013237c72,https://www.jobsnepal.com/health-person-143071,Health Person,Manavsewa Ashram,posted,2026-07-03T14:29:59.547523,686
c7835a8be85b1589,https://www.jobsnepal.com/physiotherapy-assistant-143069,Physiotherapy Assistant,International Nepal Fellowship (Nepal),posted,2026-07-03T14:30:31.936048,688
a778e74c0c3d2911,https://www.jobsnepal.com/operation-officer-143068,Operation Officer,Manavsewa Ashram,posted,2026-07-03T14:30:57.063678,690
7e70229472450579,https://www.jobsnepal.com/rfq-inclusive-nurturing-system-to-promote-digital-innovation-job-readiness-and-quality-basic-education-143067,"RFQ - Inclusive Nurturing System to Promote digital Innovation, job Readiness, and quality basic Education",Community Development & Advocacy Forum Nepal,posted,2026-07-03T14:31:20.245170,692
8dc67886559c0d56,https://www.jobsnepal.com/invitation-to-tender-143059,Invitation to Tender,Bagmati Welfare Society Nepal(BWSN),posted,2026-07-03T14:31:47.343579,694
88ef5fc6825efc8a,https://www.jobsnepal.com/request-for-quotation-143080,Request for Quotation,Felm Nepal,posted,2026-07-05T04:04:03.669851,696
7bb405e0b0370374,https://www.jobsnepal.com/senior-javascript-developer-reactjs-nextjs-nodejs-143085,Senior JavaScript Developer (React.js / Next.js / Node.js),Surya Web Solution Pvt Ltd,posted,2026-07-05T09:16:18.422239,698
44a569be1f86fbb0,https://www.jobsnepal.com/front-desk-officer-receptionist-143084,Front Desk Officer / Receptionist,Smile Station Dental clinic,posted,2026-07-05T09:16:40.250162,699
e1c41e4bc1be4fb5,https://www.jobsnepal.com/karamacara-aavashayakata-samabnathha-sacana-143083,कर्मचारी आवश्यकता सम्बन्धि सूचना,Dalit Society Welfare Committee Nepal,posted,2026-07-05T09:16:43.988710,699
03d2e4e8834ebe08,https://www.jobsnepal.com/shalbnatha-katashana-aahavanaka-sacana-143082,शिलबन्दी कोटेशन आह्वानको सूचना,Integrated Rural Development Society,posted,2026-07-05T09:16:49.504301,699
24950ec512789514,https://www.jobsnepal.com/expression-of-interest-eoi-mid-term-evaluation-of-the-rights-and-inclusion-project-143081,Expression of Interest (EOI): Mid-Term Evaluation of the Rights and Inclusion Project,International Nepal Fellowship (Nepal),posted,2026-07-05T09:17:22.663423,701
c7fb2bb0d8e63b05,https://www.jobsnepal.com/request-for-proposals-rfp-health-and-nutrition-chatbot-143087,Request for Proposals (RFP): Health and Nutrition Chatbot,World Vision International Nepal,posted,2026-07-05T14:02:04.200528,703
e52bdcd7b1672455,https://www.jobsnepal.com/shalbnatha-tharabhauu-patara-aahavana-samabnathha-sacana-143086,शिलबन्दी दरभाऊ पत्र आह्वान सम्बन्धी सुचना,Youth Alliance For Development (YARD),posted,2026-07-05T14:02:08.254095,703
89ca8cdcd7f93d22,https://www.jobsnepal.com/aarathaka-varashha-anataragata-bka-bhakatana-thab-samabnathha-sacana-143097,आर्थिक वर्ष २०८२/०८३ अन्तर्गत बाँकी भुक्तानी दाबी सम्बन्धी सूचना,Sindhuli Integrated Development Services Nepal (SIDS Nepal),posted,2026-07-06T10:52:55.611559,703
3ea01d38a3d3ee69,https://www.jobsnepal.com/terms-of-reference-tor-for-grant-proposal-writing-workshop-143094,Terms of Reference (TOR) for Grant Proposal Writing Workshop,Village Development and Save the Environment Forum (VDSEF) Nepal Kalikot,posted,2026-07-06T10:53:29.136262,705
b6f534fa82982bc8,https://www.jobsnepal.com/project-associate-community-outreach-143093,Project Associate-Community Outreach,Nepal Youth Foundation - Nepal,posted,2026-07-06T10:53:55.734784,706
1485f360603b832d,https://www.jobsnepal.com/meal-officer-143092,MEAL Officer,Rural Community Development Center (RCDC) Besishahar,posted,2026-07-06T10:54:21.861952,708
ffc7254357ac434e,https://www.jobsnepal.com/program-coordinator-technical-143091,Program Coordinator (Technical),Caritas Nepal,posted,2026-07-06T10:54:48.947479,710
8451b9abe1de967f,https://www.jobsnepal.com/terms-of-reference-for-consultancy-service-143090,Terms of Reference for Consultancy Service,Panchtara Yuwa Samrakshak Manch (PTYSM) Jajarkot,posted,2026-07-06T10:55:17.609153,712
e20158b9091d937c,https://www.jobsnepal.com/farama-sacakataka-lga-aahavana-garaeka-sacana-143089,फर्म सुचिकृतका लागि आह्वान गरिएको सुचना,SOSEC Nepal,posted,2026-07-06T10:55:21.312558,712
b83c5deff6132eb4,https://www.jobsnepal.com/shalbnatha-blpatara-aahavana-samabnathha-sacana-143088,शिलबन्दी बोलपत्र आह्वान सम्बन्धी सूचना,Sarbodaya Nepal,posted,2026-07-06T10:55:24.827445,712
d842b495cac2ca98,https://www.jobsnepal.com/legal-consultancy-services-for-ingo-transition-to-npo-ngo-or-pvt-company-143098,Legal Consultancy Services for INGO Transition to NPO_NGO or Pvt Company,People in Need,posted,2026-07-06T15:49:08.487181,714
737ee42a9fd67a86,https://www.jobsnepal.com/consultancy-services-to-design-establish-and-deliver-localized-agro-meteorological-advisory-services-for-farming-communities-143096,"Consultancy Services to Design, Establish and Deliver Localized Agro-Meteorological Advisory Services for Farming Communities",Working for Access and Creation Nepal (WAC Nepal) Achham,posted,2026-07-06T15:49:34.272597,715
a72f042ebb9df6ec,https://www.jobsnepal.com/consultancy-services-for-preparation-of-water-resource-management-plans-and-crop-diversification-plans-re-publication-of-notice-143095,Consultancy Services for Preparation of Water Resource Management Plans and Crop Diversification Plans. (Re-Publication of Notice),Working for Access and Creation Nepal (WAC Nepal) Achham,posted,2026-07-06T15:49:59.121035,716
b83a5e5c2a6c2edf,https://www.jobsnepal.com/sales-representative-143115,Sales Representative,Sushi Training Nepal,posted,2026-07-07T09:55:06.950271,717
68cc066c890182f1,https://www.jobsnepal.com/invitation-for-expression-of-interest-eoi-143114,Invitation for Expression of Interest (EOI),Japan Asian Association and Asian Friendship Society (JAFS) Nepal,posted,2026-07-07T09:55:18.892177,378
39dcc799560e8869,https://www.jobsnepal.com/head-chef-143113,HEAD CHEF,Bebri Restaurant,posted,2026-07-07T09:55:44.398340,719
ff789ea5ce8790da,https://www.jobsnepal.com/outreach-officer-143112,Outreach Officer,A National Non Governmental organization,posted,2026-07-07T09:56:10.342863,720
57ab8ef00073f11a,https://www.jobsnepal.com/vacancy-announcement-for-various-posts-143111,Vacancy Announcement for Various Posts,SabalNepal,posted,2026-07-07T09:56:37.069896,722
21fda05a2efd0d1d,https://www.jobsnepal.com/clinical-support-officer-143110,Clinical Support Officer,Youth Acting for Change Nepal (YAC Nepal),posted,2026-07-07T09:57:03.636355,724
4b032f6d381b449b,https://www.jobsnepal.com/enterprise-development-coordinator-entrepreneurship-cluster-143108,Enterprise Development Coordinator (Entrepreneurship Cluster),Daayitwa,flagged|no_apply_contact,2026-07-07T09:57:07.268229,
89bf9aa50d8f1b03,https://www.jobsnepal.com/enterprise-development-coach-entrepreneurship-cluster-143107,Enterprise Development Coach (Entrepreneurship Cluster),Daayitwa,flagged|no_apply_contact,2026-07-07T09:57:10.610911,
696a14a3f5ff4014,https://www.jobsnepal.com/auxiliary-nurse-midwife-anm-143106,Auxiliary Nurse Midwife (ANM),PHASE Nepal,posted,2026-07-07T09:57:39.229533,726
a983dcf50e26a56e,https://www.jobsnepal.com/innovation-coordinator-143104,INNOVATION COORDINATOR,World Vision International Nepal,posted,2026-07-07T09:58:08.864972,728
43d76e21aa0ffbb1,https://www.jobsnepal.com/karamacara-aavashakata-143103,कर्मचारी आवश्कता,Jan Chetna Abhiyan Nepal,posted,2026-07-07T09:58:12.594048,728
343150f49683fda8,https://www.jobsnepal.com/farama-sacakataka-lga-aahavana-143102,फर्म सूचिकृतका लागि आह्वान,Everest Club,posted,2026-07-07T09:58:16.091446,728
49e73efdb62bfc52,https://www.jobsnepal.com/eoi-for-consultancy-services-to-review-revision-harmonization-and-formulation-of-governance-policies-for-rural-water-supply-management-boards-rwsmb-143101,"EOI for Consultancy Services To Review, Revision, Harmonization and Formulation of Governance Policies for Rural Water Supply Management Boards (RWSMB)",FOCUS Nepal,posted,2026-07-07T09:58:39.790022,729
674662d5e9da88e5,https://www.jobsnepal.com/eoi-for-consultancy-services-to-develop-climate-resilient-operations-sops-and-implementation-guidelines-for-water-supply-management-boards-143100,EOI for Consultancy Services To develop Climate Resilient Operations-SOPs and Implementation Guidelines for water supply management boards,FOCUS Nepal,posted,2026-07-07T09:59:05.046681,730
01daede735dfb23e,https://www.jobsnepal.com/sales-coordinator-remote-occasional-site-visits-sales-coordination-field-worker-field-based-143099,Sales Coordinator (Remote / Occasional site visits) / Sales Coordination & Field Worker (Field-Based),GharSambhar,posted,2026-07-07T09:59:30.596785,731
b965b3d8b7dde60c,https://www.jobsnepal.com/shalbnatha-tharabhau-patara-aahavana-samabnathha-sacana-143086,शिलबन्दी दरभाउ पत्र आह्वान सम्बन्धी सुचना,Youth Alliance For Development (YARD),posted,2026-07-07T09:59:35.053150,731
8af60a3203027442,https://www.jobsnepal.com/falda-athhakata-143118,फिल्ड अधिकृत,"Sundar Nepal Sanstha (BNA), surkhet",posted,2026-07-07T14:55:31.171651,731
764cb52fc4716f9c,https://www.jobsnepal.com/various-positions-143117,Various Positions,A Well Reputed Organization,posted,2026-07-07T14:55:50.093106,259
4f633b8b7d298e47,https://www.jobsnepal.com/shalbnatha-aashaya-patara-aahavanaka-sacana-143116,शिलबन्दी आशय पत्र आह्वानको सूचना,Human Rights Awareness Centre (HURAC) Nepal,posted,2026-07-07T14:55:56.223396,731
60edc93d8b6b9bcd,https://www.jobsnepal.com/terms-of-reference-tor-for-consultancy-services-for-developing-amlcftpf-policy-procedures-and-risk-management-framework-143109,"Terms of Reference (ToR) for Consultancy Services for Developing AML/CFT/PF Policy, Procedures, and Risk Management Framework",People in Need,posted,2026-07-07T14:56:23.963610,733
83520872c7b6b0e6,https://www.jobsnepal.com/eoi-for-statutory-audit-fy-202526-143130,EOI for Statutory Audit FY 2025/26,dZi Foundation,posted,2026-07-08T08:40:21.365018,746
f2a38624328e1438,https://www.jobsnepal.com/saca-tharata-garauna-aauna-samabnathha-sacana-143129,सुची दर्ता गराउन आउने सम्बन्धी सुचना,Nepal Youth Foundation - Nepal,posted,2026-07-08T08:40:25.053510,746
932aea26fd653806,https://www.jobsnepal.com/eoi-for-internal-audit-services-fy-202526-143128,EOI for Internal Audit Services FY 2025/26,dZi Foundation,posted,2026-07-08T08:40:52.673389,748
fa5da660628b174a,https://www.jobsnepal.com/project-coordinator-143127,Project Coordinator,KIRDARC-Nepal,posted,2026-07-08T08:41:22.540904,750
f55fcf939a88ff08,https://www.jobsnepal.com/project-coordinator-pc-143126,Project Coordinator (PC),Support Nepal,posted,2026-07-08T08:41:51.458552,752
20df4fdaea5a3710,https://www.jobsnepal.com/terms-of-reference-tor-cost-benefit-analysis-cba-of-nature-based-solutions-nbs-interventions-under-dca-funded-projects-143125,Terms of Reference (ToR) - Cost-Benefit Analysis (CBA) of Nature-Based Solutions (NbS) Interventions under DCA-Funded Projects,INSTITUTE FOR SOCIAL AND ENVIRONMENTAL TRANSITION NEPAL,posted,2026-07-08T08:42:19.387681,754
0044da0f992e8584,https://www.jobsnepal.com/shalbnatha-katashana-aahavanaka-sacana-143124,शिलबन्दी कोटेशन आह्वानको सूचना,Rastriya Rojgar Prawardhan Kendra RRPK,posted,2026-07-08T08:42:23.069473,754
c0892f440dd989b6,https://www.jobsnepal.com/communication-associate-143123,Communication Associate,Karkhana Samuha,posted,2026-07-08T08:42:49.079394,756
4d09a00f42c02847,https://www.jobsnepal.com/karayakarama-sayajaka-project-coordinator-143122,कार्यक्रम संयोजक (Project Coordinator),Jan Chetna Abhiyan Nepal,posted,2026-07-08T08:42:52.390642,189
888c68f7f5fdbad8,https://www.jobsnepal.com/bhaya-lkhaparakashhaka-external-auditor-nayakataka-lga-parasatava-aahavanaka-sacana-143121,बाह्य लेखापरीक्षक (External Auditor) नियुक्तिको लागि प्रस्ताव आह्वानको सूचना,HURENDEC,posted,2026-07-08T08:43:11.332812,758
5d5ef39270540410,https://www.jobsnepal.com/vecc-officer-143120,VECC Officer,Nepal Youth Foundation - Nepal,posted,2026-07-08T08:43:40.700905,759
ee66733ef6953806,https://www.jobsnepal.com/various-positions-143119,Various Positions,Society for Integrated Allied Nepal (SIAN),posted,2026-07-08T08:43:53.365926,259
61693f08b51dbb7f,https://www.jobsnepal.com/call-for-expression-of-interest-eoi-for-statutory-audit-143136,CALL FOR EXPRESSION OF INTEREST (EoI) FOR STATUTORY AUDIT,Hurendec - Udayapur,posted,2026-07-08T11:11:40.079410,761
2d5d2a26b1175785,https://www.jobsnepal.com/business-development-executive-143135,Business Development Executive,British Council,posted,2026-07-08T11:11:51.470114,341
07a32b1d6901d1ed,https://www.jobsnepal.com/human-resource-officer-143134,Human Resource Officer,Women's Rehabilitation Centre (WOREC),posted,2026-07-08T11:12:17.688689,763
69fe4be2fde6683a,https://www.jobsnepal.com/request-for-bid-cosmetic-works-of-simulation-lab-at-narayani-hospital-birgunj-koshi-hospital-biratnagar-143133,"Request for Bid: Cosmetic Works of Simulation Lab at Narayani Hospital, Birgunj & Koshi Hospital, Biratnagar",One Heart Worldwide,posted,2026-07-08T11:12:42.269910,765
c17ea57580d4e8e5,https://www.jobsnepal.com/expression-of-interest-eoi-for-workforce-optimization-and-localization-alignment-review-consultancy-143132,Expression of Interest (EOI) for Workforce Optimization and Localization Alignment Review Consultancy,dZi Foundation,posted,2026-07-08T11:13:07.880245,767
a76eefd8c078d32e,https://www.jobsnepal.com/social-media-and-marketing-officer-143137,Social Media and Marketing Officer,GharSambhar,posted,2026-07-08T14:44:35.319377,769
fcc1fbedbde09d23,https://www.jobsnepal.com/re-invitation-for-bids-143131,Re-Invitation for Bids,SAHAS Nepal,posted,2026-07-09T03:56:38.445531,771
2103248ec7bc9592,https://www.jobsnepal.com/parasatavana-pasa-garana-samabnathha-sacana-143146,प्रस्तावना पेस गर्ने सम्बन्धी सुचना,Sindhuli Integrated Development Services Nepal (SIDS Nepal),posted,2026-07-09T09:52:55.034047,771
b4ec6975c5754355,https://www.jobsnepal.com/x-ray-technician-143145,X-ray Technician,Human Development and Community Services (HDCS),posted,2026-07-09T09:53:09.598131,140
a874293932591a30,https://www.jobsnepal.com/technical-support-officer-male-143144,Technical Support Officer (Male),JobsNepal.com Direct Recruitment Service,posted,2026-07-09T09:53:35.001446,773
70270c856b4284ec,https://www.jobsnepal.com/expression-of-interest-eoi-for-for-supply-of-goods-works-and-services-143143,"Expression of Interest (EOI) for for Supply of Goods, Works and Services",UWS Nepal,posted,2026-07-09T09:54:01.118519,775
6d754445a60d3175,https://www.jobsnepal.com/blpataraka-sacana-aahavana-143142,बोलपत्रको सूचना आह्वान,Kalika Self Reliance Social Center,posted,2026-07-09T09:54:04.641579,775
457867ba7b33cbc2,https://www.jobsnepal.com/lkha-parakashhanaeka-lga-aashaya-patara-aahavana-143141,लेखा परिक्षणको लागि आशय पत्र आह्वान,Ratauli Yuwa Club (RYC),posted,2026-07-09T09:54:08.161932,775
c957584740010205,https://www.jobsnepal.com/samathayaka-paracalka-community-mobilizer-143139,सामुदायिक परिचालक (Community Mobilizer),"Sundar Nepal Sanstha (BNA), surkhet",posted,2026-07-09T09:54:23.206254,777
5117001181ceaf2c,https://www.jobsnepal.com/terms-of-reference-tor-for-consultancy-services-on-soil-testing-of-agricultural-land-143138,Terms of Reference (ToR) For Consultancy Services on Soil Testing of Agricultural Land,Rural Development Centre Nepal,posted,2026-07-09T09:54:49.370124,779
94eebf713940d28d,https://www.jobsnepal.com/terms-of-reference-tor-consultancy-service-for-budget-analysis-and-budget-audit-on-mental-health-and-psychosocial-disability-in-nepal-143150,TERMS OF REFERENCE (ToR) - Consultancy Service for Budget Analysis and Budget Audit on Mental Health and Psychosocial Disability in Nepal,KOSHISH,posted,2026-07-09T15:26:12.916660,781
385e780c6d9b17ec,https://www.jobsnepal.com/various-positions-143148,Various Positions,"People's Voice for Bio-diversity, Health Education, Employment and Development",posted,2026-07-09T15:26:27.144690,259
ffaa51950a6861fc,https://www.jobsnepal.com/shalbnatha-blpatara-aahavanaka-sacana-143147,शिलबन्दी बोलपत्र आह्वानको सूचना,KIRDARC-Nepal,posted,2026-07-09T15:26:35.921796,781
d90a6086ce25a8b8,https://www.jobsnepal.com/expression-of-interest-eoi-for-supply-of-goods-and-services-143143,Expression of Interest (EOI) for Supply of Goods and Services,UWS Nepal,posted,2026-07-09T15:27:06.668603,783
dac3538cc9d6ec2a,https://www.jobsnepal.com/support-technician-143140,Support Technician,British Gurkhas Nepal,posted,2026-07-09T15:27:31.650563,784
a4124562cf1552c2,https://www.jobsnepal.com/call-for-expression-of-interest-eoi-143149,CALL FOR EXPRESSION OF INTEREST (EOI),Helvetas Nepal,posted,2026-07-10T03:55:37.229915,786
5796dedaba831615,https://www.jobsnepal.com/expression-of-interest-eoi-143162,Expression of Interest (EOI),Centre for Mental Health & Counselling Nepal,posted,2026-07-10T09:48:40.844239,788
eb8aaff36e55ce4c,https://www.jobsnepal.com/parana-savara-sathhana-bkarasamabnathha-saravajanaka-llma-sacana-143161,पुरानो सवारी साधन बिक्रीसम्बन्धी सार्वजनिक लिलामी सूचना,Aanandit Charity Center,flagged|no_apply_contact,2026-07-10T09:48:44.228903,
02d748717ca2f5a4,https://www.jobsnepal.com/invitation-for-quotation-143160,INVITATION FOR QUOTATION,Panchtara Yuwa Samrakshak Manch (PTYSM) Jajarkot,posted,2026-07-10T09:49:10.965126,790
386ae538898ce637,https://www.jobsnepal.com/call-for-consultant-143159,Call for Consultant,Consortium of Organizations Working for Child Participation,posted,2026-07-10T09:49:36.838597,792
2ab17b81ba6331b8,https://www.jobsnepal.com/saca-tharata-garana-samabnathha-sacana-143158,सूची दर्ता गर्ने सम्बन्धी सूचना,Nepal Agriculture Cooperative Central Federation Ltd.(NACCFL),posted,2026-07-10T09:49:40.254432,792
a7c03a5dd9e115b8,https://www.jobsnepal.com/assistant-project-field-officer-143157,Assistant Project Field Officer,Youth Alliance For Development (YARD),posted,2026-07-10T09:50:07.186787,794
0a04e0866716742d,https://www.jobsnepal.com/blpatara-aahavana-call-for-sealed-quotation-143155,बोलपत्र आह्वान (Call for Sealed Quotation),PeaceWin Nepal,posted,2026-07-10T09:50:23.416276,796
cfa16d365a4f8136,https://www.jobsnepal.com/call-for-consultancy-for-documentary-film-production-under-the-rewriteherstory-initiative-143154,Call for Consultancy for Documentary Film Production under the #RewriteHerStory Initiative,YUWA,posted,2026-07-10T09:50:48.813368,798
e6a4063abc7bec4d,https://www.jobsnepal.com/sanatharabha-narathashaka-terms-of-reference-ka-lga-sacana-143153,सन्दर्भ निर्देशिका (Terms of Reference) को लागि सुचना,Dalit Social Development Center,posted,2026-07-10T09:50:52.080109,253
e4a2e6cb6ef74d2c,https://www.jobsnepal.com/various-positions-143152,Various Positions,Karnali Community Development Centre,posted,2026-07-10T09:51:05.020652,259
dc5f9a28d67494a5,https://www.jobsnepal.com/blpatara-jumla-construction-143151,बोलपत्र Jumla Construction,SOS Children's Villages Nepal,posted,2026-07-10T09:51:28.149194,800
6ad9904de2834274,https://www.jobsnepal.com/case-management-and-legal-officer-female-143168,Case Management and Legal Officer (Female),Aafanta Nepal,posted,2026-07-10T14:46:28.218450,802
8636f30f5ef0666c,https://www.jobsnepal.com/senior-private-sector-officer-mse-facilitator-143167,Senior Private Sector Officer / MSE Facilitator,Action Nepal,posted,2026-07-10T14:46:55.990308,803
34969c9bc20a4056,https://www.jobsnepal.com/shalbnatha-blpatara-aahavana-samabnathha-sacana-143166,शिलबन्दी बोलपत्र आह्वान सम्बन्धी सूचना,Forum for Rural Welfare and Agricultural Reform for Development (FORWARD) Nepal,posted,2026-07-10T14:47:01.239567,803
02981c3e94198029,https://www.jobsnepal.com/ecd-center-in-charge-mentor-143164,ECD Center In-charge & Mentor,SETO GURANS NATIONAL CHILD DEVELOPMENT SERVICES,flagged|no_apply_contact,2026-07-10T14:47:04.620522,
20a90e4effa3df22,https://www.jobsnepal.com/business-development-coordinator-maternity-cover-143163,BUSINESS DEVELOPMENT COORDINATOR- MATERNITY COVER,Oxfam in Nepal,posted,2026-07-10T14:47:29.525795,805
96c8d539c255f7ab,https://www.jobsnepal.com/project-coordinator-143156,Project Coordinator,SAHAMATI,posted,2026-07-10T14:47:58.019202,807
d4d2dcb5415e3076,https://www.jobsnepal.com/request-for-quotation-medical-hospitalisation-and-group-personal-accident-gpa-insurance-service-143174,"Request for Quotation - Medical, Hospitalisation and Group Personal Accident (GPA ) Insurance Service",Welthungerhilfe,posted,2026-07-13T05:09:45.057885,809
6a632606b0604f4d,https://www.jobsnepal.com/invitation-to-bid-143173,INVITATION TO BID,Nepal Applied Mathematics and Informatics Institute for Research,posted,2026-07-13T05:10:14.618467,811
102ba48114c2d60c,https://www.jobsnepal.com/monitoring-and-evaluation-me-officer-143172,Monitoring and Evaluation (M&E) Officer,COLLABORATIVE ACTION FOR DIGNITY JUMLA,posted,2026-07-13T05:10:45.123526,813
a22fce326baca679,https://www.jobsnepal.com/aaparatakarata-saca-vendor-registration-ma-sacakata-hana-samabnathha-sacana-143171,आपूर्तिकर्ता सूची (Vendor Registration) मा सूचीकृत हुने सम्बन्धी सूचना,PeaceWin Nepal,posted,2026-07-13T05:11:04.123592,815
b25d29de94837a2d,https://www.jobsnepal.com/invitation-for-e-tender-supply-of-poly-house-with-fitting-143170,Invitation for E-Tender: Supply of Poly House with fitting.,PeaceWin Nepal,posted,2026-07-13T05:11:32.810019,817
c191478ac15b9572,https://www.jobsnepal.com/consultancy-service-required-for-social-audit-143169,Consultancy Service required for Social Audit,Jan Jagaran Youth Club (JJYC) Bara,posted,2026-07-13T05:11:59.125076,819
efdeb722af894704,https://www.jobsnepal.com/falda-athhakata-143213,फिल्ड अधिकृत,Bheri Environmental Excellence Group (BEE-Group) Banke,posted,2026-07-15T04:35:38.983020,819
e4095af3fb5d5e30,https://www.jobsnepal.com/tor-for-statutory-audit-and-global-audit-requirement-of-restless-development-nepal-country-office-143212,TOR for Statutory Audit and Global audit requirement of Restless Development Nepal Country Office,Restless Development,posted,2026-07-15T04:36:12.344792,820
246a0fa96fb0162f,https://www.jobsnepal.com/chief-financial-officer-cfo-143210,Chief Financial Officer (CFO),ATHARV TEXTILES PVT LTD,posted,2026-07-15T04:36:44.668716,822
549b7a185d9eee70,https://www.jobsnepal.com/various-positions-143209,Various Positions,Human Development and Community Services (HDCS),posted,2026-07-15T04:36:56.895055,259
e8f3f0284526979a,https://www.jobsnepal.com/expression-of-interest-eoi-for-statutory-audit-fy-208283-143208,EXPRESSION OF INTEREST (EOI) FOR STATUTORY AUDIT – FY 2082/83,HOPE Foundation Nepal,posted,2026-07-15T04:37:23.692362,824
064a52816a21cc6f,https://www.jobsnepal.com/request-for-quotation-rfq-inline-chlorination-and-uv-based-institutional-level-water-purification-unit-143207,Request for Quotation (RFQ)-Inline Chlorination and UV-based (Institutional Level) Water Purification Unit,Geruwa Rural Awareness Association (GERUWA),posted,2026-07-15T04:37:50.535911,826
109f42b37dd03227,https://www.jobsnepal.com/shacalya-naramanae-karayaka-lga-salbnatha-tharabhaupatara-aahavana-sacana-143206,शौचालय निर्माण कार्यका लागि सिलबन्दी दरभाउपत्र आह्वान सूचना,Geruwa Rural Awareness Association (GERUWA),posted,2026-07-15T04:37:54.581973,826
fb6e7b8d3d4610d7,https://www.jobsnepal.com/expression-of-interest-eoi-for-vendors-suppliers-and-service-providers-for-fy-083-084-143205,"Expression of Interest (EOI) for Vendors, Suppliers, and Service Providers for FY 083-084",Sahakarmi Samaj,posted,2026-07-15T04:38:25.083774,828
4bb67c719fd2b58a,https://www.jobsnepal.com/resource-mobilization-coordinator-143204,Resource Mobilization Coordinator,Terre des hommes Foundation (Tdh),posted,2026-07-15T04:38:53.049103,829
9784d1e0ed17f69b,https://www.jobsnepal.com/field-research-specialist-143203,Field Research Specialist,Association for International Solidarity in Asia,posted,2026-07-15T04:39:22.141580,831
407c8b301f1d56ce,https://www.jobsnepal.com/aaparatakarata-saca-vendor-registration-ma-sacakata-hana-samabnathha-sacana-143202,आपूर्तिकर्ता सूची (Vendor Registration) मा सूचीकृत हुने सम्बन्धी सूचना ।,Human Rights Awareness Centre (HURAC) Nepal,posted,2026-07-15T04:39:28.413656,815
ee3494b5d90236ee,https://www.jobsnepal.com/accountant-143201,Accountant,Yangri Academic Center,posted,2026-07-15T04:39:52.308608,833
060530d7d52a7ecb,https://www.jobsnepal.com/it-trainee-143200,IT Trainee,Mercy Corps,posted,2026-07-15T04:40:22.143917,835
1e82f89eb3bbc51e,https://www.jobsnepal.com/meal-associate-143199,MEAL Associate,UWS Nepal,posted,2026-07-15T04:40:50.768786,837
5b7d98db91216d35,https://www.jobsnepal.com/call-for-expression-of-interest-eoi-for-updating-consultant-roster-143198,Call for Expression of Interest (EOI) for Updating Consultant Roster,Center for Dalit Women Nepal,posted,2026-07-15T04:41:24.590091,839
ab851fd98e8cafa1,https://www.jobsnepal.com/shalbnatha-tharabhaupatara-aahavana-samabnathha-sacana-143197,शिलबन्दी दरभाउपत्र आह्वान सम्बन्धी सूचना,NEST,posted,2026-07-15T04:41:28.262464,839
16893d78eb65ba4a,https://www.jobsnepal.com/vasatata-parayajana-paratavathana-drr-tayaraka-lga-parasatava-aahavanaka-sacana-rfp-143196,विस्तृत परियोजना प्रतिवेदन (DRR) तयारीका लागी प्रस्ताव आह्वानको सूचना (RFP),"Save the Saptari, Rajbiraj",posted,2026-07-15T04:41:49.087262,841
821a94999972a84f,https://www.jobsnepal.com/volunteer-abroad-directory-manager-143195,Volunteer Abroad Directory Manager,IFRE Volunteers,posted,2026-07-15T04:42:19.158730,842
8507b2b1efcbb987,https://www.jobsnepal.com/finance-and-admin-coordinator-143194,Finance and Admin Coordinator,Daayitwa,flagged|no_apply_contact,2026-07-15T04:42:22.603244,
8b06945dc98129b4,https://www.jobsnepal.com/childrens-home-associate-143193,Children’s Home Associate,Kopila Valley Sewa Samaj,posted,2026-07-15T04:42:52.203726,844
5b87f15b381adf83,https://www.jobsnepal.com/invitation-for-expression-of-interest-for-development-of-disability-equity-framework-and-associated-tools-143192,Invitation for Expression of Interest For Development of Disability Equity Framework and Associated Tools,International Nepal Fellowship (Nepal),posted,2026-07-15T04:43:21.120653,846
181b16beeeabc6ea,https://www.jobsnepal.com/volunteer-143191,Volunteer,Rural Women Upliftment Association (RWUA),posted,2026-07-15T04:43:50.349818,848
19f9106bed631fd6,https://www.jobsnepal.com/paramarashathata-consultant-child-profile-development-143190,परामर्शदाता (Consultant – Child Profile Development),Jan Chetna Abhiyan Nepal,posted,2026-07-15T04:44:09.469624,850
5ba2e4b68f7aee5e,https://www.jobsnepal.com/advocacy-manager-143189,Advocacy Manager,KOSHISH,flagged|no_apply_contact,2026-07-15T04:44:13.082175,
263ada1764401e63,https://www.jobsnepal.com/vacancy-announcement-for-various-positions-143188,VACANCY ANNOUNCEMENT FOR VARIOUS POSITIONS,KIRDARC-Nepal,posted,2026-07-15T04:44:44.760625,852
43ee6ea3a60caa02,https://www.jobsnepal.com/grade-4-science-teacher-143187,Grade 4 Science Teacher,Kaasthamandap Vidhyalaya,posted,2026-07-15T04:45:12.716453,854
18d5a2737c2c0aef,https://www.jobsnepal.com/call-for-expression-of-interest-eoi-for-statutory-audit-143186,CALL FOR EXPRESSION OF INTEREST (EoI) FOR STATUTORY AUDIT,Dalit Society Welfare Committee Nepal,posted,2026-07-15T04:45:40.521476,856
5c0f246d3b682f08,https://www.jobsnepal.com/various-positions-143185,Various Positions,Community Development Centre (CDC),posted,2026-07-15T04:45:56.731777,259
25d84bf654c67c33,https://www.jobsnepal.com/sacakataka-lga-aahavana-garaeka-sacana-143184,सूचिकृतका लागि आह्वान गरिएको सूचना,RadhaKrishna Tharu Jana-Sewa Kendra (RKJS),posted,2026-07-15T04:46:00.792771,856
b3670979e20619af,https://www.jobsnepal.com/urgent-vacancy-announcement-field-supervisor-project-officer-143183,Urgent Vacancy Announcement (Field Supervisor / Project Officer),Panchtara Yuwa Samrakshak Manch (PTYSM) Jajarkot,posted,2026-07-15T04:46:29.167642,858
0feb7f0eb5568aa6,https://www.jobsnepal.com/meal-officer-143182,MEAL Officer,Women Development Forum,posted,2026-07-15T04:46:41.754373,708
dfaa7308b05ed612,https://www.jobsnepal.com/request-for-proposal-143181,REQUEST FOR PROPOSAL,Renewable World,posted,2026-07-15T04:47:10.828971,860
3d49ab76a53c28f6,https://www.jobsnepal.com/project-coordinator-clinical-support-officer-143180,Project Coordinator & Clinical Support Officer,Everest Club,posted,2026-07-15T04:47:40.089015,862
5a181f66500fe3a7,https://www.jobsnepal.com/vajaniaka-saca-rashhatara-ma-sacakata-hana-samabnathha-sacana-143178,विज्ञको सूची (रोष्टर) मा सूचिकृत हुने सम्बन्धी सूचना,JWAS Nepal,posted,2026-07-15T04:47:45.988595,862
3914791c88c74e5c,https://www.jobsnepal.com/saca-tharata-garana-braka-sacana-143177,सूचि दर्ता गर्ने बारेको सूचना,JWAS Nepal,posted,2026-07-15T04:47:51.529285,862
61295bd2d834148d,https://www.jobsnepal.com/pediatrician-and-nurse-143176,Pediatrician and Nurse,Siddhi M. Foundation / Siddhi M. Hospital,posted,2026-07-15T04:48:17.712121,863
bf5e8694ddfee85b,https://www.jobsnepal.com/various-positions-143175,Various Positions,Preservation of Environment and Social Welfare Association of Nepal (PESWAN),posted,2026-07-15T04:48:26.858985,259
dc8e29d665328ca1,https://www.jobsnepal.com/education-project-officer-143240,Education Project Officer,Change Action Nepal (CAN),posted,2026-07-17T04:48:29.033361,865
eda1397e8102c473,https://www.jobsnepal.com/retail-sales-executive-baby-maternity-segment-143239,Retail Sales Executive – Baby & Maternity Segment,Neil Orthotics Pvt. Ltd.,posted,2026-07-17T04:48:53.509912,867
e04f4a3ceca6a73c,https://www.jobsnepal.com/ecd-materials-kharathaka-lga-katashana-aahavana-143238,ECD Materials खरिदको लागि कोटेशन आह्वान,Bagmati Welfare Society Nepal(BWSN),posted,2026-07-17T04:49:09.539840,869
3c2afb91d9cc37ad,https://www.jobsnepal.com/call-for-expression-of-interest-eoi-for-vendor-roster-143237,Call for Expression of Interest (EOI) for Vendor Roster,Centre for International Studies and Cooperation (CECI),posted,2026-07-17T04:49:33.387799,871
90e0d91ed1973857,https://www.jobsnepal.com/request-for-proposal-rfp-143236,Request for Proposal (RFP),Lutheran World Relief,posted,2026-07-17T04:49:54.538313,873
7a432a001f002636,https://www.jobsnepal.com/samagarahanpr-kharatha-samabnathha-parathama-pataka-salbnatha-blpatara-aahavana-samabnathhama-143235,सामग्रीहरू खरिद सम्बन्धी प्रथम पटक सिलबन्दी बोलपत्र आह्वान सम्बन्धमा ।,CLEAN UP NEPAL,posted,2026-07-17T04:49:57.915577,873
917d81b3437b0973,https://www.jobsnepal.com/falda-karayakarama-saparavakashhaka-kashha-tatha-pashhanae-field-program-supervisor-agriculture-nutrition-143234,फिल्ड कार्यक्रम सुपेरिवेक्षक - कृषि तथा पोषण (Field Program Supervisor – Agriculture & Nutrition),Kalika Self Reliance Social Center,posted,2026-07-17T04:50:12.368150,875
1decb551cd521908,https://www.jobsnepal.com/sealed-quotation-notice-second-call-143233,SEALED QUOTATION NOTICE (Second Call),Karnali Community Development Centre,posted,2026-07-17T04:50:35.046296,877
432fcdfda59f8d00,https://www.jobsnepal.com/consultancy-services-for-video-and-photo-documentation-143232,Consultancy Services for Video and Photo Documentation,Oxfam in Nepal,posted,2026-07-17T04:50:54.627141,879
299b61f93757c870,https://www.jobsnepal.com/external-audit-for-nepalese-fiscal-year-20822083-143231,External Audit for Nepalese fiscal year 2082/2083,Mandwi,posted,2026-07-17T04:51:17.275858,881
e994287d2ba4c211,https://www.jobsnepal.com/parasatavana-aahavana-samabnathha-sacana-143230,प्रस्तावना आह्वान सम्बन्धी सूचना,KIRDARC Nepal,posted,2026-07-17T04:51:20.466229,881
b568ffb9ff51283c,https://www.jobsnepal.com/aaparata-tatha-sapalii-samabnathha-sacakata-hana-sacana-143229,आपूर्ति तथा सप्लाई सम्बन्धि सुचीकृत हुने सूचना,Mandwi,posted,2026-07-17T04:51:23.582152,881
7125a253562604bf,https://www.jobsnepal.com/tharabhau-pasha-garana-samabnathha-sacana-143228,दरभाउ पेश गर्ने सम्बन्धी सूचना,Community Development & Advocacy Forum Nepal,posted,2026-07-17T04:51:27.577590,881
1be467b54c69e4be,https://www.jobsnepal.com/call-for-civil-society-organizations-csos-for-code-project-143227,Call for Civil Society Organizations (CSOs) for CODE Project,Restless Development,posted,2026-07-17T04:51:47.072145,882
782f9c5df802dc61,https://www.jobsnepal.com/various-positions-143226,Various Positions,Mahuli Community Development Center (MCDC),posted,2026-07-17T04:51:59.941286,259
437141d2486ee877,https://www.jobsnepal.com/request-for-quotation-for-individual-consultancy-service-for-development-of-communication-products-and-impact-stories-143225,Request for Quotation for Individual Consultancy service for Development of communication products and impact stories,Mercy Corps,posted,2026-07-17T04:52:21.656090,884
aaf700f88996baa6,https://www.jobsnepal.com/various-positions-143224,Various Positions,FHI 360 Nepal,posted,2026-07-17T04:52:34.251590,259
f247ade4fd0bfb81,https://www.jobsnepal.com/project-officer-143223,Project Officer,KOSHISH,flagged|no_apply_contact,2026-07-17T04:52:37.707720,
0c745bc6354b84eb,https://www.jobsnepal.com/call-for-expression-of-interest-eoi-prequalification-of-suppliers-vendors-consultants-and-service-providers-143222,"Call for Expression Of Interest (EOI)- Prequalification of Suppliers, Vendors, Consultants and Service Providers",Caritas Nepal,posted,2026-07-17T04:52:58.899384,886
8457a759495dba49,https://www.jobsnepal.com/program-manager-143221,Program Manager,Opportunity Village Nepal,posted,2026-07-17T04:53:10.986230,619
8f46b4ecacfb4e57,https://www.jobsnepal.com/terms-of-reference-tor-for-consultancy-for-the-market-relevant-demand-based-skill-training-providers-143220,Terms of Reference (ToR) for Consultancy for the market- relevant demand-based skill training providers,FCA,posted,2026-07-17T04:53:33.768519,888
e17ef244ae813b16,https://www.jobsnepal.com/saca-tharata-tatha-katashana-pasha-garana-samabnathha-sacana-143219,सूची दर्ता तथा कोटेशन पेश गर्ने सम्बन्धी सूचना,Social Awareness and Development Academy SAADA-NEPAL,posted,2026-07-17T04:53:37.104007,888
02d928af2367a237,https://www.jobsnepal.com/samagara-tatha-sava-aaparatakaratahanprlii-saca-tharataka-lga-aahavana-143218,सामग्री तथा सेवा आपूर्तिकर्ताहरूलाई सूची दर्ताको लागि आह्वान,PHASE Nepal,posted,2026-07-17T04:53:40.256832,888
5d4a03ad8c03848a,https://www.jobsnepal.com/saca-tharata-garana-samabnathha-sacana-143217,सूची दर्ता गर्ने सम्बन्धी सूचना,Akasha Academy,flagged|no_apply_contact,2026-07-17T04:53:43.107119,
76b5bd12c8945960,https://www.jobsnepal.com/expression-of-interest-for-vendor-listing-208384-143216,Expression of Interest for Vendor Listing 2083/84,dZi Foundation,posted,2026-07-17T04:54:05.081337,890
edb8789c84be5c7d,https://www.jobsnepal.com/ipf-shield-parayajana-anataragata-ict-lab-naramanaeka-lga-faranacara-kharatha-143215,IPF-SHIELD परियोजना अन्तर्गत ICT Lab निर्माणका लागि फर्निचर खरिद,SOSEC Nepal,posted,2026-07-17T04:54:18.518144,892
d47b22969d9d4992,https://www.jobsnepal.com/request-for-proposal-143214,Request for Proposal,Child Development Society,posted,2026-07-17T04:54:39.742039,894
5df9b36d5f00bafe,https://www.jobsnepal.com/consultancy-service-for-political-economy-analysis-pea-on-menstrual-health-and-hygiene-mhh-143211,Consultancy Service for Political Economy Analysis (PEA) on Menstrual Health and Hygiene (MHH),WaterAid Nepal,posted,2026-07-17T04:55:01.280429,896
3e8d0348318d1a82,https://www.jobsnepal.com/tour-travel-and-volunteer-travel-manager-143195,"Tour, Travel and Volunteer Travel Manager",IFRE Volunteers,posted,2026-07-17T04:55:22.808878,897
b2b00ed8296d99ab,https://www.jobsnepal.com/admin-and-logistic-assistant-143262,Admin and Logistic Assistant,Youth Acting for Change Nepal (YAC Nepal),posted,2026-07-19T04:56:16.615533,899
2da146970fc28a34,https://www.jobsnepal.com/request-for-quotation-rfq-service-under-crs-nepal-143261,Request for Quotation (RFQ) Service under CRS Nepal,CRS Nepal,posted,2026-07-19T04:56:54.561806,901
6a164a9b669a8e63,https://www.jobsnepal.com/samathayaka-paracalka-sapanasarashapa-tatha-bl-sarakashhanae-143260,सामुदायिक परिचालक (स्पोन्सरशिप तथा बाल संरक्षण),Bagmati Welfare Society Nepal(BWSN),posted,2026-07-19T04:57:00.086419,901
73eaa78e1d7a22fe,https://www.jobsnepal.com/terms-of-reference-empowered-communities-and-csos-for-inclusive-nutrition-governance-in-the-hilly-and-mountain-regions-of-western-nepal-eu-better-nutrition-project-143259,Terms of Reference: Empowered communities and CSOs for inclusive nutrition governance in the hilly and mountain regions of Western Nepal (EU Better Nutrition Project),Welthungerhilfe,posted,2026-07-19T04:57:31.631041,903
fb6bc880958f178e,https://www.jobsnepal.com/expression-of-interest-eoi-for-consultancy-services-143258,Expression of Interest (EoI) for Consultancy Services,FOCUS Nepal,posted,2026-07-19T04:57:56.424305,904
1692e476881ebbca,https://www.jobsnepal.com/admin-finance-officer-143257,Admin & Finance Officer,KOSHISH,flagged|no_apply_contact,2026-07-19T04:57:59.810395,
8b14090b83e07da7,https://www.jobsnepal.com/front-office-receptionist-143256,Front Office Receptionist,KOSHISH,flagged|no_apply_contact,2026-07-19T04:58:03.210618,
0faa835a803fc5d9,https://www.jobsnepal.com/clinical-support-officer-143255,Clinical Support Officer,Protection Nepal,posted,2026-07-19T04:58:25.534531,906
95d4ceb89df137f5,https://www.jobsnepal.com/call-for-expression-of-interest-eoi-for-selection-of-technical-partner-in-youth-led-climate-resilience-and-climate-protection-project-143254,CALL FOR EXPRESSION OF INTEREST (EOI) For selection of Technical Partner in Youth led Climate resilience and climate protection Project,Welthungerhilfe,posted,2026-07-19T04:58:50.220341,908
dfa08e58ff72b636,https://www.jobsnepal.com/terms-of-reference-consultancy-for-concluding-observations-and-shadow-report-analysis-and-policy-briefs-from-a-disability-inclusion-perspective-143253,Terms of Reference: Consultancy for Concluding Observations and Shadow Report Analysis and Policy Briefs from a Disability Inclusion Perspective,Blind Youth Association Nepal,posted,2026-07-19T04:59:16.373313,909
780e7f9114176943,https://www.jobsnepal.com/various-positions-143252,Various Positions,Social Awareness Center SAC Nepal,posted,2026-07-19T04:59:29.178930,259
b626ef3f055dc811,https://www.jobsnepal.com/head-of-programs-143251,Head of Programs,FAIRMED Foundation Nepal,flagged|no_apply_contact,2026-07-19T04:59:32.381850,
d1d85d42c675c119,https://www.jobsnepal.com/program-officer-po-143250,Program Officer (PO),Multipurpose Development Society (MPDS),posted,2026-07-19T04:59:53.842491,911
29be65f62cb203c3,https://www.jobsnepal.com/meal-and-documentation-officer-adolescent-mnh-143249,MEAL and Documentation Officer (Adolescent MNH),Village Development and Save the Environment Forum (VDSEF) Nepal Kalikot,posted,2026-07-19T05:00:20.118384,913
c6f7802be4ba0045,https://www.jobsnepal.com/majatha-saca-tharata-samabnathha-sacana-143248,मौजुदा सूचि दर्ता सम्बन्धि सुचना,Rural Oriented Youth Movement Nepal (ROYM Nepal),posted,2026-07-19T05:00:25.298010,913
027318216d0f35ec,https://www.jobsnepal.com/research-assistant-143247,Research Assistant,Pourakhi Nepal,posted,2026-07-19T05:00:48.160835,914
782f394e010e2cb4,https://www.jobsnepal.com/call-for-consultancy-for-documentary-film-production-for-greenshift-nepal-143246,Call for Consultancy for Documentary Film Production for GreenShift Nepal,Creasion,posted,2026-07-19T05:01:14.148969,916
e91b418076854e9b,https://www.jobsnepal.com/programme-officer-143245,Programme Officer,Pravasi Nepali Coordination Committee,posted,2026-07-19T05:01:39.594836,918
e6a2fa65e6617463,https://www.jobsnepal.com/request-for-sealed-proposal-notice-143244,Request for Sealed Proposal Notice,LI-BIRD,posted,2026-07-19T05:02:06.047108,920
bda7284a5b89b145,https://www.jobsnepal.com/project-officer-meal-officer-143243,Project Officer & MEAL Officer,Human Development and Community Services (HDCS),posted,2026-07-19T05:02:32.686572,922
f2c3049e20b1250b,https://www.jobsnepal.com/request-for-proposal-rfp-endline-evaluation-of-basic-4-girls-b4g-kanchanpur-143242,"Request for Proposal (RFP) – Endline Evaluation of Basic 4 Girls (B4G), Kanchanpur",World Vision International Nepal,posted,2026-07-19T05:02:57.335049,924
ab354e6f598f970f,https://www.jobsnepal.com/regional-technical-officer-143241,Regional Technical Officer,Renewable World,posted,2026-07-19T05:03:23.570306,926
7b3ae531592329d3,https://www.jobsnepal.com/office-assistant-143294,Office Assistant,Interactive Computer Systems p. ltd.,posted,2026-07-21T04:53:16.692118,927
77b7211441b83c9a,https://www.jobsnepal.com/senior-project-coordinator-spc-143292,Senior Project Coordinator (SPC),Jan Jagaran Youth Club (JJYC) Bara,posted,2026-07-21T04:53:28.571198,752
ffd44f1f6dec72c0,https://www.jobsnepal.com/sacakata-samabnathhama-143291,सूचिकृत सम्बन्धमा,Youth Acting for Change Nepal (YAC Nepal),posted,2026-07-21T04:53:31.837203,927
86d6a36052d3cad9,https://www.jobsnepal.com/human-resources-officer-143290,Human Resources (Officer),Manavsewa Ashram,posted,2026-07-21T04:53:55.983474,929
9054e403fb073fdd,https://www.jobsnepal.com/saca-tharata-samabnathha-sacana-143289,सूची दर्ता सम्बन्धी सूचना,Rural Economic Development Association,posted,2026-07-21T04:53:59.029739,929
011367d7bc668bed,https://www.jobsnepal.com/sacakata-hana-tatha-faramavaraka-samajhataka-lga-sacana-aahavana-143288,सुचिकृत हुन तथा फ्रेमवर्क सम्झौताको लागि सूचना आह्वान,Protection Nepal,posted,2026-07-21T04:54:03.252576,929
86bfe9fdfe005c14,https://www.jobsnepal.com/vendor-listing-for-fy-208384-143287,Vendor Listing for FY 2083/84,SAHAMATI,posted,2026-07-21T04:54:27.462339,931
ca8c63241ee3d0be,https://www.jobsnepal.com/electricalindustrialmechatronics-engineer-143286,Electrical/Industrial/Mechatronics Engineer,Mechatronics Engineering Pvt. Ltd,posted,2026-07-21T04:54:49.415335,933
ff211eca2ea2a9be,https://www.jobsnepal.com/terms-of-reference-for-part-time-heifer-maeul-library-facilitator-143285,Terms of Reference for Part-Time Heifer Maeul Library Facilitator,Heifer Project Nepal,posted,2026-07-21T04:55:13.125023,935
eaeeab7faa77bc09,https://www.jobsnepal.com/sr-finance-officer-143284,Sr. Finance Officer,Sindhuli Integrated Development Services Nepal (SIDS Nepal),posted,2026-07-21T04:55:34.783888,936
5c01b4a6fd8215a8,https://www.jobsnepal.com/senior-global-meal-associate-143283,Senior Global MEAL Associate,UWS Nepal,posted,2026-07-21T04:55:59.157034,938
a45d0dc971845d59,https://www.jobsnepal.com/aaparatakarata-sava-parathayaka-tatha-paravathhaka-vajania-sacakaranae-rasatara-tharata-kalga-aahavana-143282,"आपूर्तिकर्ता, सेवा प्रदायक तथा प्राविधिक विज्ञ सूचिकरण (रोस्टर दर्ता) कालागि आह्वान",National Federation of the Disabled Nepal,posted,2026-07-21T04:56:04.550579,938
adf2b3ba91525d96,https://www.jobsnepal.com/senior-finance-officer-143281,SENIOR FINANCE OFFICER,Helvetas Nepal,posted,2026-07-21T04:56:29.128257,940
7214e1aaad295fda,https://www.jobsnepal.com/nbs-and-adaptation-consultant-for-surkhet-or-kailali-district-based-143280,NbS and Adaptation Consultant (For Surkhet or Kailali District Based),Lutheran World Relief,posted,2026-07-21T04:56:51.453162,942
389404f363edc6fe,https://www.jobsnepal.com/field-supervisor-falda-saparabhaiijara-143279,Field Supervisor (फिल्ड सुपरभाईजर),Protection Nepal,posted,2026-07-21T04:56:54.727084,637
16e39ba0012c37b6,https://www.jobsnepal.com/request-for-sealed-proposal-notice-for-consultancy-assignment-for-baseline-study-of-building-resilient-communities-for-the-changing-climate-samutthan-project-143278,Request for Sealed Proposal Notice For Consultancy Assignment for Baseline Study of Building Resilient Communities for the Changing Climate (SAMUTTHAN) Project,LI-BIRD,posted,2026-07-21T04:57:19.289373,944
abd067a537d20db2,https://www.jobsnepal.com/airport-services-coordinator-phh-143277,Airport Services Coordinator - PHH,Universal Tours and Travels Pvt Ltd,posted,2026-07-21T04:57:46.710100,946
2e5e5fd581eb5e44,https://www.jobsnepal.com/various-positions-143276,Various Positions,Bagmati Welfare Society Nepal(BWSN),posted,2026-07-21T04:58:00.425796,259
6fc688aef6336c84,https://www.jobsnepal.com/terms-of-reference-tor-for-consultant-143275,Terms of Reference (ToR) for consultant,Nepal Disabled Women Association,posted,2026-07-21T04:58:25.488210,948
17ab2a69021fc1a2,https://www.jobsnepal.com/administration-hr-officer-143274,Administration & HR officer,Universal Tours and Travels Pvt Ltd,posted,2026-07-21T04:58:50.867047,950
d4befd9852cc3fcd,https://www.jobsnepal.com/various-positions-143273,Various Positions,International Nepal Fellowship (Nepal),posted,2026-07-21T04:59:06.178526,259
47ef8771b3750684,https://www.jobsnepal.com/tharabhau-parasatava-aahavanaka-sacana-143272,दरभाउ प्रस्ताव आह्वानको सूचना,AMDA Nepal,posted,2026-07-21T04:59:11.662850,950
697ed3305c18f93b,https://www.jobsnepal.com/various-positions-143271,Various Positions,Community Development Centre (CDC),posted,2026-07-21T04:59:27.393669,508
1a2ed450ae01dca3,https://www.jobsnepal.com/aaparata-sapalii-samabnathha-sacakata-hana-sacana-143270,आपुर्ति सप्लाई सम्बन्धि सुचीकृत हुने सूचना,Rastriya Rojgar Prawardhan Kendra (Rautahat),posted,2026-07-21T04:59:30.574376,950
d83fa12bfc45022e,https://www.jobsnepal.com/video-editor-143268,Video Editor,Race Timing Nepal Pvt. Ltd,posted,2026-07-21T04:59:52.887385,951
5c150aef42a1c1d8,https://www.jobsnepal.com/meal-and-reporting-officer-143267,MEAL and Reporting Officer,Helping Heart for Relief and Development Nepal,posted,2026-07-21T05:00:18.292409,952
219af8be8d0b12b5,https://www.jobsnepal.com/accountant-143266,Accountant,Helping Heart for Relief and Development Nepal,posted,2026-07-21T05:00:34.103985,833
7dc4d59c324abca7,https://www.jobsnepal.com/clinical-research-associate-143265,Clinical Research Associate,GLOBAL CLINICAL RESEARCH,posted,2026-07-21T05:00:57.892317,954
47edd6fc07c726cb,https://www.jobsnepal.com/marketing-officer-agri-horticulture-sector-143264,Marketing Officer — Agri-Horticulture Sector,Crop Pro Tech Nepal,posted,2026-07-21T05:01:21.187324,955
d18c5c538875c632,https://www.jobsnepal.com/various-positions-143263,Various Positions,Social Development Forum (SDF) Banke,posted,2026-07-21T05:01:35.744386,259
e0f27e80e864da69,https://www.jobsnepal.com/monitoring-and-evaluation-officer-143348,Monitoring and Evaluation Officer,SAHAS Nepal,posted,2026-07-23T04:59:17.476111,957
f8a29e994270d659,https://www.jobsnepal.com/sacakataka-lga-aahavana-garaeka-sacana-143347,सूचिकृतका लागि आह्वान गरिएको सूचना,Tharu Women Upliftment Center,posted,2026-07-23T04:59:20.691258,957
48a3f3d7c5293a1a,https://www.jobsnepal.com/information-management-officer-imo-143346,Information Management Officer (IMO),NNSWA,posted,2026-07-23T04:59:47.374974,959
ebe6dfad78f8a765,https://www.jobsnepal.com/invitation-for-technical-and-financial-proposals-143345,Invitation for Technical and Financial Proposals,SAPPROS Nepal,posted,2026-07-23T05:00:11.771006,961
6dfb164c304af1ca,https://www.jobsnepal.com/invitation-for-rfp-143343,INVITATION FOR RFP,Panchtara Yuwa Samrakshak Manch (PTYSM) Jajarkot,posted,2026-07-23T05:00:33.393918,963
cb1971b57b913c49,https://www.jobsnepal.com/invitation-for-sealed-quotation-143342,Invitation for Sealed Quotation,Community Development & Advocacy Forum Nepal,posted,2026-07-23T05:00:56.448892,965
0760264d72c34856,https://www.jobsnepal.com/terms-of-reference-tor-consultancy-service-for-content-development-and-layout-design-with-information-education-and-communication-iec-material-on-inclusive-education-143341,"Terms of Reference (TOR): Consultancy Service for Content Development and Layout Design with Information, Education and Communication (IEC) Material on Inclusive Education",Nepal Disabled Women Association,posted,2026-07-23T05:01:22.478358,967
49dcf6869fd1944b,https://www.jobsnepal.com/monitoring-evaluation-accountability-and-learning-meal-officer-143340,"Monitoring, Evaluation, Accountability, and Learning (MEAL) Officer","cricket association of the blind, Nepal",posted,2026-07-23T05:01:46.057132,969
5a574f388e0f954d,https://www.jobsnepal.com/national-director-143339,National Director,Special Olympics Nepal,posted,2026-07-23T05:02:08.367701,971
f6d93cfeaa9e4f21,https://www.jobsnepal.com/shalbnatha-blpatara-aahavana-143338,शिलबन्दी बोलपत्र आह्वान,SOSEC Nepal,posted,2026-07-23T05:02:12.603529,971
ca99f9c90487398c,https://www.jobsnepal.com/invitation-for-open-tender-supply-of-bench-and-desks-143337,Invitation for Open Tender: Supply of Bench and Desks,PeaceWin Nepal,posted,2026-07-23T05:02:35.042002,973
9f66f600f89c11b4,https://www.jobsnepal.com/cluster-field-officer-143336,Cluster Field Officer,ASTHA Nepal,posted,2026-07-23T05:02:57.903622,975
b0e4428373d7e31f,https://www.jobsnepal.com/accounts-officer-143335,Accounts Officer,Kathmandu Forestry College,posted,2026-07-23T05:03:20.681376,977
145b115b6b3a65f6,https://www.jobsnepal.com/meal-officer-143334,MEAL Officer,Centre for Mental Health & Counselling Nepal,posted,2026-07-23T05:03:32.804690,708
5c7b35bd57a0aa87,https://www.jobsnepal.com/request-for-proposal-rfp-assessment-of-the-school-mid-day-meal-programme-143333,Request for Proposal (RFP) – Assessment of the School Mid-Day Meal Programme,World Vision International Nepal,posted,2026-07-23T05:03:55.315393,979
162e2883abb6fbaa,https://www.jobsnepal.com/program-officer-program-intern-associate-143332,Program Officer & Program Intern (Associate),Innovative Vision Pvt Ltd,posted,2026-07-23T05:04:17.324878,980
5396e89d9da2518b,https://www.jobsnepal.com/senior-psychosocial-counsellor-143331,Senior Psychosocial Counsellor,Sunrise Nepal,posted,2026-07-23T05:04:38.501440,982
9128d9115eab84ef,https://www.jobsnepal.com/admin-and-finance-officer-143330,Admin and Finance Officer,Youth Alliance For Development (YARD),posted,2026-07-23T05:05:02.381036,984
301f720b12198164,https://www.jobsnepal.com/consultant-develop-a-framework-on-anticipatory-action-for-the-health-sector-in-nepal-143329,Consultant - Develop a framework on anticipatory action for the Health Sector in Nepal,International Federation of Red Cross and Red Crescent Societies (IFRC),posted,2026-07-23T05:05:26.894930,986
e0ce872cce47ea5a,https://www.jobsnepal.com/aaparatakarata-sacama-vendor-registrations-sacakata-hana-samabnathha-sacana-143328,आपूर्तिकर्ता सूचीमा (Vendor Registrations) सूचीकृत हुने सम्बन्धी सूचना,HEALTH NUTRITION EDUCATION AND AGRICULTURE RESEARCH DEVELOPMENT NEPAL (HEARD Nepal),posted,2026-07-23T05:05:40.750611,988
eba8c8e20c3c18e5,https://www.jobsnepal.com/savara-sathhana-kharatha-samabnathha-sacana-143327,सवारी साधन खरीद सम्बन्धी सूचना,SOS Children's Villages Nepal,posted,2026-07-23T05:05:47.264507,988
b41a08979f2e4098,https://www.jobsnepal.com/various-positions-143326,Various Positions,"Progressive Youth Society, Chainpur Bajhang",posted,2026-07-23T05:05:59.383948,259
3c12850bace67b83,https://www.jobsnepal.com/sacakataka-lga-aahavanaka-sacana-143325,सुचिकृतको लागि आह्वानको सुचना,Social Entrepreneurs Women Alliance Nepal (SEWA Nepal),posted,2026-07-23T05:06:03.726013,988
93e5f1b55c2bf8c9,https://www.jobsnepal.com/monitoring-evaluation-accountability-and-learning-meal-officer-143324,"Monitoring, Evaluation, Accountability and Learning (MEAL) Officer",Shanti Nepal,posted,2026-07-23T05:06:26.341283,990
e1db1cd76ed4f928,https://www.jobsnepal.com/monitoring-and-reporting-officer-level-9-143323,Monitoring and Reporting Officer (Level - 9),PeaceWin Nepal,posted,2026-07-23T05:06:54.514578,992
f687848f6694d544,https://www.jobsnepal.com/programme-officer-143322,Programme Officer,Atoot,posted,2026-07-23T05:07:06.949546,918
fa3fe4db66cdf66d,https://www.jobsnepal.com/executive-director-143321,Executive Director,Shanti Nepal,posted,2026-07-23T05:07:31.171383,994
66c2cde369fdee52,https://www.jobsnepal.com/eard-executive-assistant-to-the-regional-director-143320,EARD (Executive Assistant to the Regional Director),Handicap International,posted,2026-07-23T05:07:53.567728,996
3655f6c225f665c2,https://www.jobsnepal.com/japa-llma-bkara-samabnathha-sacana-143319,जिप लिलाम बिक्री सम्बन्धी सूचना,Rural Reconstruction Nepal,posted,2026-07-23T05:08:02.933830,996
9a7b2632718e6c96,https://www.jobsnepal.com/sealed-quotation-notice-second-call-143318,SEALED QUOTATION NOTICE (Second Call),Karnali Community Development Centre,posted,2026-07-23T05:08:25.161795,998
e7f2d29f3cd36801,https://www.jobsnepal.com/various-positions-143317,Various Positions,Dalit JanKalyan Yuba Club Lahan,posted,2026-07-23T05:08:39.336376,259
37cccef1b9b47459,https://www.jobsnepal.com/consultancy-opportunity-consultant-for-chatbot-content-development-on-safe-abortion-143316,Consultancy Opportunity: Consultant for chatbot content development on Safe Abortion,Ipas Nepal,posted,2026-07-23T05:09:05.017125,1000
819db5bb133bd04d,https://www.jobsnepal.com/invitation-for-expression-of-interest-eoi-143315,INVITATION FOR EXPRESSION OF INTEREST (EOI),Lutheran World Federation,posted,2026-07-23T05:09:27.572122,1002
ab63469c872a06e8,https://www.jobsnepal.com/expression-of-interest-eoi-for-independent-audit-services-143314,Expression of Interest (EOI) for Independent Audit Services,Integrated Rural Development Society,posted,2026-07-23T05:09:53.512299,1004
8ce72490e24ed960,https://www.jobsnepal.com/request-for-proposal-rfp-video-documentary-and-photos-143313,REQUEST FOR PROPOSAL (RFP): Video Documentary and Photos,"Progressive Youth Society, Chainpur Bajhang",posted,2026-07-23T05:10:17.079380,1006
d23de240e1b3d070,https://www.jobsnepal.com/various-positions-143312,Various Positions,Social Development Forum (SDF) Banke,posted,2026-07-23T05:10:31.431677,259
647618b22f8b69d9,https://www.jobsnepal.com/program-manager-project-officer-meal-officer-143311,Program Manager / Project Officer / MEAL Officer,KIRDARC-Nepal,posted,2026-07-23T05:10:56.052928,1008
a38cf9fb602a92ea,https://www.jobsnepal.com/tharabhau-parasatava-aahavanaka-sacana-143310,दरभाउ प्रस्ताव आह्वानको सूचना,AMDA Nepal,posted,2026-07-23T05:11:01.399606,1008
d5088ca0f1d78286,https://www.jobsnepal.com/terms-of-reference-consultant-study-on-access-of-children-with-disabilities-to-government-services-and-benefits-in-nepal-143309,Terms of Reference - Consultant: Study on Access of Children with Disabilities to Government Services and Benefits in Nepal,Blind Youth Association Nepal,posted,2026-07-23T05:11:25.605720,1009
ba6f06e353de5d61,https://www.jobsnepal.com/terms-of-reference-consultant-study-on-engagement-of-parents-in-inclusive-education-and-empowerment-of-children-with-disabilities-in-nepal-143308,Terms of Reference - Consultant: Study on Engagement of Parents in Inclusive Education and Empowerment of Children with Disabilities in Nepal,Blind Youth Association Nepal,posted,2026-07-23T05:11:52.192029,1010
145defb0370f1018,https://www.jobsnepal.com/request-for-proposals-rfp-consultant-for-design-and-delivery-of-wvi-nepals-25-years-celebration-impact-showcase-visibility-package-143306,"Request for Proposals (RFP): Consultant for Design and Delivery of WVI Nepal's 25 Years Celebration, Impact Showcase & Visibility Package",World Vision International Nepal,posted,2026-07-23T05:12:15.032582,1012
fbbbd42a1380d69d,https://www.jobsnepal.com/finance-officer-143305,FINANCE OFFICER,Code Fusion Technologies Pvt. Ltd.,posted,2026-07-23T05:12:37.985619,1013
6fafd07175b173ed,https://www.jobsnepal.com/expression-of-interest-eoi-for-institutional-social-audit-of-national-federation-of-the-disabled-nepal-nfdn-143304,Expression of Interest (EOI) for Institutional Social Audit of National Federation of the Disabled Nepal (NFDN),National Federation of the Disabled Nepal,posted,2026-07-23T05:13:01.117207,1015
92b56d725ed0d64b,https://www.jobsnepal.com/shalbnatha-katashana-aahavanaka-sacana-143303,शिलबन्दी कोटेशन आह्वानको सूचना,Geruwa Rural Awareness Association (GERUWA),posted,2026-07-23T05:13:05.085607,1015
2a6b77caf4f1fc66,https://www.jobsnepal.com/child-protection-coordinator-143302,Child Protection Coordinator,Adara Development,posted,2026-07-23T05:13:27.241151,1017
c7603d5345efa485,https://www.jobsnepal.com/samavasha-paramakha-inclusion-lead-143301,समावेशी प्रमुख (Inclusion Lead),PFPID-Nepal,posted,2026-07-23T05:13:41.467107,1019
bb51c5f2449d0807,https://www.jobsnepal.com/tor-adaptation-translation-and-contextualization-of-inclusive-learning-approach-ila-module-english-to-nepali-and-provision-of-training-143300,"ToR - Adaptation, Translation, and Contextualization of Inclusive Learning Approach (ILA) Module (English to Nepali) and Provision of Training",PFPID-Nepal,posted,2026-07-23T05:14:04.737513,1021
a018bd944f2d0a93,https://www.jobsnepal.com/sacatharata-samabnathha-sacana-143299,सुचिदर्ता सम्बन्धी सूचना,NARMIN,posted,2026-07-23T05:14:07.877030,1021
ff9374effa98c183,https://www.jobsnepal.com/consultant-project-coordinator-143298,Consultant –Project Coordinator,HEALTH NUTRITION EDUCATION AND AGRICULTURE RESEARCH DEVELOPMENT NEPAL (HEARD Nepal),posted,2026-07-23T05:14:30.396476,1023
470fb43b0f47dee6,https://www.jobsnepal.com/field-officer-143297,Field Officer,Community Development & Advocacy Forum Nepal,posted,2026-07-23T05:14:54.664502,1025
9b84ba87f9bf7c09,https://www.jobsnepal.com/request-for-sealed-quotation-rfq-143296,Request for Sealed Quotation (RFQ),Community Development & Advocacy Forum Nepal,posted,2026-07-23T05:15:14.264745,1027
446804a483b4a8c8,https://www.jobsnepal.com/field-coordinator-health-and-nutrition-143295,Field Coordinator (Health and Nutrition),Rural Women Upliftment Association (RWUA),posted,2026-07-23T05:15:37.527353,1029
cbd0f1e646482b8a,https://www.jobsnepal.com/shalbnatha-blpatara-aahavanaka-sacana-143293,शिलबन्दी बोलपत्र आह्वानको सुचना,Rural Development Centre Nepal,posted,2026-07-23T05:15:43.079245,1029
fa28883f0fd0465b,https://www.jobsnepal.com/aaparata-tatha-thararata-pasha-garana-samabnathha-sacana-143390,आपूर्ति तथा दररेट पेश गर्ने सम्बन्धी सूचना,Shree Nepal Rastriya Secondary School Paterwa,posted,2026-07-25T04:50:14.714368,1029
3c14213d269eb8f3,https://www.jobsnepal.com/consultancy-service-for-various-positions-143389,Consultancy Service for Various Positions,Youth Innovation Lab,posted,2026-07-25T04:50:45.922204,1032
2765a94ed1c3fa61,https://www.jobsnepal.com/physiotherapist-143388,Physiotherapist,Human Development and Community Services (HDCS),posted,2026-07-25T04:51:12.768616,1034
5c34c5b8f0fb123e,https://www.jobsnepal.com/communications-and-social-media-manager-143387,Communications and Social Media Manager,Orient Classical Cultures Foundation,posted,2026-07-25T04:51:35.366759,1036
8741cc5a24ece77c,https://www.jobsnepal.com/field-program-officer-falda-karayakarama-athhakata-143386,Field Program Officer (फिल्ड कार्यक्रम अधिकृत),Tarangini Foundation,posted,2026-07-25T04:51:49.439422,1038
2ee06bb5a397c8fd,https://www.jobsnepal.com/vacancy-announcement-receptionist-assistant-hr-coordinator-public-relations-officer-pro-143385,Vacancy Announcement: Receptionist/ Assistant HR Coordinator/ Public Relations Officer (PRO),Dana Human Resources Nepal Pvt Ltd,posted,2026-07-25T04:52:16.497427,1040
016475403236ea54,https://www.jobsnepal.com/marketing-executive-143384,Marketing Executive,Simplified Solutions,posted,2026-07-25T04:52:39.300478,1042
a7dc23e260855955,https://www.jobsnepal.com/falda-esasaeta-javakaparajana-jtjta-143383,फिल्ड एसोसिएट-जिविकोपार्जन (JT/JTA),Ratauli Yuwa Club (RYC),flagged|no_apply_contact,2026-07-25T04:52:42.601575,
2863dbef3770badf,https://www.jobsnepal.com/national-consultant-end-of-programme-impact-report-voice-2018-2026-143382,National Consultant - End-of-Programme Impact Report VOICE (2018 - 2026),Spinal Injury Sangh Nepal (SISN),posted,2026-07-25T04:53:06.598708,1044
9e65f9cfd9aa819b,https://www.jobsnepal.com/social-mobilizer-female-143381,Social Mobilizer (Female),Garden For Hope,posted,2026-07-25T04:53:29.075788,1046
8181afc2a10e39b9,https://www.jobsnepal.com/accountant-female-143380,Accountant (Female),Garden For Hope,posted,2026-07-25T04:53:50.054200,1048
56299f07fd2fe1c0,https://www.jobsnepal.com/house-warden-female-143379,House Warden (Female),Garden For Hope,posted,2026-07-25T04:54:10.929855,1050
51f971db09c95cb8,https://www.jobsnepal.com/various-engineer-positions-143378,Various Engineer Positions,Bikabhu Contruction Pvt Ltd,posted,2026-07-25T04:54:31.787569,1051
4d340ef10a09bc0d,https://www.jobsnepal.com/call-for-bid-for-installation-testing-and-commissioning-of-multi-hazard-siren-system-143377,"Call for Bid for Installation, Testing and Commissioning of Multi-Hazard Siren System",LI-BIRD,posted,2026-07-25T04:54:57.030165,1053
b201eddaf92b2a09,https://www.jobsnepal.com/tor-for-development-of-ecosystem-based-adaptation-eba-masterplans-143376,ToR for Development of Ecosystem-based Adaptation (EbA) Masterplans,Heifer International Nepal,posted,2026-07-25T04:55:22.934935,1055
3ccb47b2ca334a51,https://www.jobsnepal.com/tor-for-development-of-floodplain-change-scenarios-based-on-hydrological-modelling-and-land-use-planning-143375,ToR for Development of Floodplain Change Scenarios Based on Hydrological Modelling and Land Use Planning,Heifer International Nepal,posted,2026-07-25T04:55:47.897136,1057
1507de6f307a36de,https://www.jobsnepal.com/parayajana-sahayaka-athhaka-143374,परियोजना सहायक अधिकृ,"Sundar Nepal Sanstha (BNA), surkhet",posted,2026-07-25T04:55:50.964703,1057
855b39cb2532162e,https://www.jobsnepal.com/driver-cum-logistics-143373,Driver cum Logistics,Akasha Academy,posted,2026-07-25T04:56:15.890235,1059
3c3fe9d596d35491,https://www.jobsnepal.com/1-accounts-officer-2-tor-for-consultant-for-economic-empowerment-advocacy-strategy-and-toolkit-development-143372,1. Accounts Officer & 2. TOR for Consultant for Economic Empowerment Advocacy Strategy and Toolkit Development,Mithila Sarathi Society Nepal,posted,2026-07-25T04:56:36.885710,1061
327c71b4b44d605b,https://www.jobsnepal.com/monitoring-and-evaluation-me-officer-143371,Monitoring and Evaluation (M&E) Officer,COLLABORATIVE ACTION FOR DIGNITY JUMLA,posted,2026-07-25T04:57:00.339319,1063
99103702b0189001,https://www.jobsnepal.com/call-for-proposals-143370,Call for Proposals,Habitat Nepal,posted,2026-07-25T04:57:17.256818,275
94b28705f55a765c,https://www.jobsnepal.com/accounting-consultant-client-assignment-143369,Accounting Consultant (Client Assignment),BAM Advisors Nepal,posted,2026-07-25T04:57:41.832819,1064
92c31bc181834abd,https://www.jobsnepal.com/tharabhaublpatara-aahavana-143368,दरभाउ/बोलपत्र आह्वान,International Nepal Fellowship (Nepal),posted,2026-07-25T04:57:45.216183,1064
3e0107e926504c48,https://www.jobsnepal.com/kapa-kharatha-ka-lga-shalbnatha-tharabhauu-patara-aahavana-samabnathha-sacana-143367,कपी खरिद का लागि शिलबन्दी दरभाऊ पत्र आह्वान सम्बन्धी सुचना ।,Youth Alliance For Development (YARD),posted,2026-07-25T04:57:48.546966,1064
caa9d11ca55e9279,https://www.jobsnepal.com/governance-coordinator-143366,Governance Coordinator,Daayitwa,flagged|no_apply_contact,2026-07-25T04:57:52.036481,
52cff653f30301ca,https://www.jobsnepal.com/province-coordinator-governance-cluster-143365,Province Coordinator (Governance Cluster),Daayitwa,flagged|no_apply_contact,2026-07-25T04:57:55.426451,
f75257108c873493,https://www.jobsnepal.com/samathayaka-sahajakarata-143364,सामुदायिक सहजकर्ता,"SEEWAC/Nepal, Kailali",posted,2026-07-25T04:57:58.706278,1064
6ba38b57719335cd,https://www.jobsnepal.com/paramarasha-savaka-lga-tharabhau-pasha-garana-samabnathha-sacana-request-for-quotation-for-consulting-services-143363,परामर्श सेवाको लागि दरभाउ पेश गर्ने सम्बन्धी सूचना (Request for Quotation for Consulting Services),Community Development & Advocacy Forum Nepal,posted,2026-07-25T04:58:12.713302,1066
67b45b5edb9bcbe3,https://www.jobsnepal.com/expression-of-interest-eoi-for-vendor-enlistment-registration-of-suppliers-service-providers-and-consultants-143362,"Expression of Interest (EOI) for Vendor Enlistment / Registration of Suppliers, Service Providers and Consultants",Kamaiya Mahila Jagaran Samaj Nepal,posted,2026-07-25T04:58:35.625540,1068
c5884082eddbd197,https://www.jobsnepal.com/announcement-call-for-quotation-cfq-143361,Announcement - Call for Quotation (CFQ)!,Community Self Reliance Centre (CSRC),posted,2026-07-25T04:58:58.909331,1070
5595b9ba9599649f,https://www.jobsnepal.com/expression-of-interest-eoi-for-epc-engineering-procurement-and-construction-services-for-the-establishment-of-potato-processing-hub-143360,"Expression of Interest (EoI) for EPC (Engineering, Procurement, and Construction) Services for the Establishment of Potato Processing Hub","Hamro Prayash Nepal, Sindhuli",posted,2026-07-25T04:59:20.510872,1071
3ded09552247902b,https://www.jobsnepal.com/invitation-to-tender-supply-of-animation-gaming-series-laptops-143359,Invitation to Tender: Supply of Animation/ Gaming Series Laptops,Women In Animation Nepal,posted,2026-07-25T04:59:41.283637,1073
faf37c0992dddac0,https://www.jobsnepal.com/expression-of-interest-eoi-for-an-ecd-training-consultancy-143358,Expression of Interest (EOI) for an ECD Training Consultancy,Aatmiya,posted,2026-07-25T05:00:08.402265,1075
0acc82c5eaf50fa5,https://www.jobsnepal.com/various-positions-143357,Various Positions,Hurendec - Udayapur,posted,2026-07-25T05:00:22.281039,259
a317ca548f8a7a16,https://www.jobsnepal.com/terms-of-reference-tor-for-cooperative-finance-facilitator-143356,Terms of Reference (ToR) for Cooperative Finance Facilitator,Heifer Project Nepal,posted,2026-07-25T05:00:45.729457,1077
0503bfd37a4da851,https://www.jobsnepal.com/terms-of-reference-tor-for-veterinarian-143355,Terms of Reference (ToR) for Veterinarian,Heifer Project Nepal,posted,2026-07-25T05:01:12.278522,1079
8a5be044d216d656,https://www.jobsnepal.com/multimedia-content-video-production-assistant-143354,Multimedia Content & Video Production Assistant,Daayitwa,flagged|no_apply_contact,2026-07-25T05:01:15.449236,
ae088c20ea9f1ed8,https://www.jobsnepal.com/terms-of-reference-tor-for-dairy-cooperative-development-specialist-143353,Terms of Reference (ToR) for Dairy Cooperative Development Specialist,Heifer Project Nepal,posted,2026-07-25T05:01:39.114812,1081
7c5df0439632a72d,https://www.jobsnepal.com/english-content-writer-143352,English Content Writer,IFRE Volunteers,posted,2026-07-25T05:02:00.965334,1082
f42c6a752a992964,https://www.jobsnepal.com/research-methods-consultant-e-ticketing-adoption-study-143351,Research Methods Consultant–E-ticketing Adoption Study,Association for International Solidarity in Asia,posted,2026-07-25T05:02:24.066512,1084
f6a9f0d807cc24ff,https://www.jobsnepal.com/admin-finance-officer-143350,ADMIN & FINANCE OFFICER,Community Development Forum Nepal,posted,2026-07-25T05:02:48.805695,1086
ab95ab87e0cf820a,https://www.jobsnepal.com/request-for-proposal-rfp-consultancy-service-for-social-and-behavior-change-communication-sbccmaterials-143349,REQUEST FOR PROPOSAL (RFP): CONSULTANCY SERVICE FOR Social and Behavior Change Communication (SBCC)materials,World Vision International Nepal,posted,2026-07-25T05:03:11.822005,1088
245eea6c38a7d1b0,https://www.jobsnepal.com/expression-of-interest-eoi-ngo-partner-selection-for-climate-resilience-initiatives-143344,Expression of Interest (EOI): NGO Partner Selection for Climate Resilience Initiatives,ADRA Nepal,posted,2026-07-25T05:03:35.686686,1090
60b7415c630dc9c3,https://www.jobsnepal.com/outreach-officer-social-workersenior-counsellor-143399,Outreach Officer (Social Worker/Senior Counsellor),KOSHISH,flagged|no_apply_contact,2026-07-27T05:31:06.370413,
8e6e9bd8bdf7c788,https://www.jobsnepal.com/invitation-for-bids-143397,INVITATION FOR BIDS,International Nepal Fellowship (Nepal),posted,2026-07-27T05:31:33.213404,1092
5b13bcd13aca5aa9,https://www.jobsnepal.com/senior-administration-and-finance-officer-143396,Senior Administration and Finance Officer,Institute of Himalayan Risk Reduction,flagged|no_apply_contact,2026-07-27T05:31:37.439798,
3025bfc181c0c4bd,https://www.jobsnepal.com/immediate-hiring-senior-javascript-developer-143395,Immediate Hiring – Senior JavaScript Developer,Surya Web Solution Pvt Ltd,posted,2026-07-27T05:31:59.621047,1094
5a3c0c4ea92fdbeb,https://www.jobsnepal.com/sava-ra-samagara-aaparatakaratahanprka-lga-saca-tharata-samabnathha-sacana-143394,सेवा र सामाग्रि आपूर्तिकर्ताहरूको लागि सूची दर्ता सम्बन्धी सूचना,Rural Development Centre Nepal,posted,2026-07-27T05:32:05.139982,1094
b55c52ecaf86895a,https://www.jobsnepal.com/project-coordinator-project-officer-143393,Project Coordinator & Project Officer,Bagmati Welfare Society Nepal(BWSN),posted,2026-07-27T05:32:29.339869,1096
7cd5fb84c2e4880e,https://www.jobsnepal.com/various-positions-143392,Various Positions,NNSWA,posted,2026-07-27T05:32:44.464242,259
6fe704cd4bd34782,https://www.jobsnepal.com/full-stack-web-developer-php-laravel-143391,Full Stack Web Developer (PHP Laravel),Altiora Services Pvt Ltd,posted,2026-07-27T05:33:05.563394,1098
fe6eea3137a53966,https://www.jobsnepal.com/sacakataka-lga-aahavana-garaeka-sacana-143443,सूचिकृतका लागि आह्वान गरिएको सूचना,Preservation of Environment and Social Welfare Association of Nepal (PESWAN),posted,2026-07-29T04:53:47.333777,1098
12c8a3337c65c38f,https://www.jobsnepal.com/shalbnatha-katashana-aahavanaka-sacana-143442,शिलबन्दी कोटेशन आह्वानको सूचना,Bagmati Welfare Society Nepal(BWSN),posted,2026-07-29T04:53:52.406377,1098
0e93a0afa20c96f3,https://www.jobsnepal.com/project-coordinator-pc-enterprise-development-field-officer-143441,Project Coordinator (PC) & Enterprise Development Field Officer,Banke UNESCO Club,posted,2026-07-29T04:54:17.895748,1100
0b82486c2d3db306,https://www.jobsnepal.com/lnagaka-samanata-tatha-samajaka-samavashakaranae-ra-samajaka-vayavahara-paravaratana-athhakata-gesi-sbc-officer-143440,लैङ्गिक समानता तथा सामाजिक समावेशीकरण र सामाजिक व्यवहार परिवर्तन अधिकृत (GESI & SBC Officer),National Farmers Group Federation Nepal (NFGF Nepal),posted,2026-07-29T04:54:33.060181,1102
22f8e64160ae2989,https://www.jobsnepal.com/project-coordinator-outreach-and-partnerships-143439,Project Coordinator Outreach and Partnerships,Akasha Life,posted,2026-07-29T04:54:57.243430,1104
c45bc84670b556a9,https://www.jobsnepal.com/admissions-student-services-officer-143438,Admissions & Student Services Officer,International Institute of Gastronomy,posted,2026-07-29T04:55:19.648263,1106
49d4204fcc747cc7,https://www.jobsnepal.com/terms-of-reference-tor-hiring-of-consultancy-services-for-development-of-an-animated-video-on-mental-health-awareness-and-stigma-reduction-143437,Terms of Reference (ToR): Hiring of Consultancy Services for Development of an Animated Video on Mental Health Awareness and Stigma Reduction,KOSHISH,posted,2026-07-29T04:55:42.348316,1108
063d9dbd00b867b7,https://www.jobsnepal.com/accounts-administration-officer-part-time-143436,Accounts & Administration Officer (Part-Time),International Institute of Gastronomy,posted,2026-07-29T04:56:05.464841,1110
c3b6c05d0a05cd11,https://www.jobsnepal.com/various-positions-143435,Various Positions,Village Development Society (VDS),posted,2026-07-29T04:56:17.832736,259
8e24d07def9350cf,https://www.jobsnepal.com/medical-officer-143434,Medical Officer,United Mission to Nepal Medical and Development Trust Okhaldhunga Community Hospital,posted,2026-07-29T04:56:39.662996,1112
376bd5bea76c58a5,https://www.jobsnepal.com/terms-of-reference-tor-social-audit-of-adolescent-maternal-and-newborn-health-services-143433,Terms of Reference (ToR) - Social Audit of Adolescent Maternal and Newborn Health Services,Village Development and Save the Environment Forum (VDSEF) Nepal Kalikot,posted,2026-07-29T04:57:01.859815,1114
9e1a66ef313526e3,https://www.jobsnepal.com/project-field-officer-143432,Project Field Officer,Indreni Social Development Forum,posted,2026-07-29T04:57:23.524600,1116
797c953ac94e8923,https://www.jobsnepal.com/invitation-for-bids-for-supply-and-delivery-of-construction-materials-for-school-construction-projects-143431,INVITATION FOR BIDS For Supply and Delivery of Construction Materials for School Construction Projects,UWS Nepal,posted,2026-07-29T04:57:48.827828,1118
7e9e39d410fd3c83,https://www.jobsnepal.com/various-positions-143430,Various Positions,LEARN,posted,2026-07-29T04:58:00.589280,259
b16b7b563a019cd6,https://www.jobsnepal.com/field-public-health-officer-143429,Field Public Health Officer,Ajummery Bikas Foundation,posted,2026-07-29T04:58:20.054819,1119
f377faa6868455ac,https://www.jobsnepal.com/field-technical-officer-143428,Field Technical Officer,Ajummery Bikas Foundation,posted,2026-07-29T04:58:39.662302,1120
44ac25b3f7fbd4d0,https://www.jobsnepal.com/invitation-to-tender-143427,Invitation to Tender,Plan International Nepal,posted,2026-07-29T04:59:03.354897,1122
504e9f49513cd3d9,https://www.jobsnepal.com/tharabhau-patara-tatha-saca-tharata-samabnathha-saravajanaka-sacana-143426,दरभाउ–पत्र तथा सूची दर्ता सम्बन्धि सार्वजनिक सूचना,National Society for Earthquake Technology-Nepal (NSET),posted,2026-07-29T04:59:06.347127,1122
523eb4c272e82c98,https://www.jobsnepal.com/expression-of-interest-eoi-143425,Expression of Interest (EOI),Preservation of Environment and Social Welfare Association of Nepal (PESWAN),posted,2026-07-29T04:59:17.271350,299
14c8a2c8e25e3894,https://www.jobsnepal.com/shalbnatha-katashana-maga-garaeka-samabnathhama-143424,शिलबन्दि कोटेशन माग गरीएको सम्बन्धमा,"Hilly Region Development Campaign (HRDC), Jajarkot",posted,2026-07-29T04:59:21.416954,1122
b2e604571758bac8,https://www.jobsnepal.com/proposal-development-and-reporting-manager-finance-and-administrative-coordinator-143423,Proposal Development and Reporting Manager / Finance and Administrative Coordinator,SEBAC Nepal,posted,2026-07-29T04:59:43.519950,1124
c9887622c830c1db,https://www.jobsnepal.com/saca-tharata-garana-samabnathha-sacana-143422,सूची दर्ता गर्ने सम्बन्धी सूचना,National Federation of Women Living with HIV & AIDS,posted,2026-07-29T04:59:49.507625,1124
ecdcba74e569257a,https://www.jobsnepal.com/vathayalya-maramata-catara-naramanae-samabnathha-shalbnatha-blpatara-aahavana-garaeka-sacana-143421,"विद्यालय मर्मत, चौतारा निर्माण सम्बन्धि शिलबन्दी बोलपत्र आह्वान गरिएको सूचना",Preservation of Environment and Social Welfare Association of Nepal (PESWAN),posted,2026-07-29T04:59:52.673164,1124
66ad31f603925f2b,https://www.jobsnepal.com/consultant-technical-assistant-ta-to-dwssm-143420,Consultant_Technical Assistant (TA) to DWSSM,International Federation of Red Cross and Red Crescent Societies (IFRC),posted,2026-07-29T05:00:19.861364,1126
e188eb157cef96b4,https://www.jobsnepal.com/request-for-quotation-rfq-143419,Request for Quotation (RFQ),FHI 360 Nepal,posted,2026-07-29T05:00:31.748847,287
b3cfd3df69c2ee3c,https://www.jobsnepal.com/coalition-programme-consultant-cpc-143418,Coalition Programme Consultant (CPC),Yuwalaya,posted,2026-07-29T05:00:52.182646,1128
c6177b273218d710,https://www.jobsnepal.com/health-and-physical-education-teacher-143417,Health and Physical Education Teacher,Maiti Nepal,posted,2026-07-29T05:01:18.830841,1130
f99d27355070665e,https://www.jobsnepal.com/various-positions-143416,Various Positions,Rural Development Centre Nepal,posted,2026-07-29T05:01:33.717223,259
9114cef313cc8cd7,https://www.jobsnepal.com/terms-of-reference-for-printing-company-for-the-re-printing-of-cflg-and-nflg-iec-materials-143415,TERMS OF REFERENCE for Printing Company for the Re-Printing of CFLG and NFLG IEC materials,National CFLG Forum,posted,2026-07-29T05:01:57.279100,1131
6e0fd7e99b173f70,https://www.jobsnepal.com/terms-of-reference-tor-development-of-an-animation-video-on-child-friendly-local-governance-cflg-143414,TERMS OF REFERENCE (ToR) - Development of an Animation Video on Child-Friendly Local Governance (CFLG),National CFLG Forum,posted,2026-07-29T05:02:19.110945,1132
2ba7048b4270761d,https://www.jobsnepal.com/project-associate-agriculture-livestock-mawrin-project-143413,"Project Associate- Agriculture & Livestock, MaWRiN Project",WWF Nepal,posted,2026-07-29T05:02:43.227500,1134
5fb897d3a1490bc2,https://www.jobsnepal.com/project-associate-forests-watershed-mawrin-project-143412,"Project Associate-Forests & Watershed, MaWRiN Project",WWF Nepal,posted,2026-07-29T05:03:07.409393,1136
e23af0b2f4fcd165,https://www.jobsnepal.com/terms-of-reference-tor-for-consultancy-services-for-conducting-a-baseline-study-143410,TERMS OF REFERENCE (ToR) for Consultancy Services for Conducting a Baseline Study,Rastriya Rojgar Prawardhan Kendra (RRPK)- Malangwa,posted,2026-07-29T05:03:31.081177,1138
9e933a843a143cfd,https://www.jobsnepal.com/various-positions-143409,Various Positions,Rastriya Rojgar Prawardhan Kendra (RRPK)- Malangwa,posted,2026-07-29T05:03:43.022739,259
a850e0aed6a4739f,https://www.jobsnepal.com/executive-director-143408,EXECUTIVE DIRECTOR,Digo Bikas Institute,posted,2026-07-29T05:04:04.873175,1140
33ff68343a594561,https://www.jobsnepal.com/terms-of-reference-for-communications-consultant-143406,Terms of Reference for Communications Consultant,Heifer Project Nepal,posted,2026-07-29T05:04:27.426965,1142
75579b56f3b0fc35,https://www.jobsnepal.com/gesi-sbc-officer-143405,GESI & SBC Officer,Dalit Society Welfare Committee Nepal,posted,2026-07-29T05:04:36.429495,1102
edcd366455631c20,https://www.jobsnepal.com/re-request-for-quotation-rfq-inline-chlorination-based-institutional-level-water-purification-unit-143404,Re-Request for Quotation (RFQ) - Inline Chlorination-based (Institutional Level) Water Purification Unit,Geruwa Rural Awareness Association (GERUWA),posted,2026-07-29T05:04:58.663714,1144
3113a18b93306188,https://www.jobsnepal.com/shalbnatha-tharabhaupatara-aahavana-samabnathha-sacana-request-for-quotation-rfq-143403,शिलबन्दी दरभाउपत्र आह्वान सम्बन्धी सूचना (Request for Quotation - RFQ),Nepal Magar Society Service and Information Centre (MIC Nepal),posted,2026-07-29T05:05:01.802792,287
16398c37d478ad06,https://www.jobsnepal.com/engineer-143402,Engineer,One Heart Worldwide,flagged|no_apply_contact,2026-07-29T05:05:05.618048,
d1e9cee1825e3142,https://www.jobsnepal.com/consultancy-service-for-provision-of-legal-service-143401,Consultancy Service for PROVISION OF LEGAL SERVICE,People in Need,posted,2026-07-29T05:05:26.765116,1146
34dc42ba97e8ef79,https://www.jobsnepal.com/call-for-expression-of-interest-eoi-for-vendor-listing-across-multiple-goods-and-services-143400,Call for Expression of Interest (EOI) for Vendor Listing Across Multiple Goods and Services,Yuwalaya,posted,2026-07-29T05:05:49.044992,1148
12da568dd9df5d50,https://www.jobsnepal.com/outreach-officer-143399,Outreach Officer,KOSHISH,flagged|no_apply_contact,2026-07-29T05:05:52.290252,
246f9b214ff76d64,https://www.jobsnepal.com/school-teacher-143398,School Teacher,British Gurkhas Nepal / GCSPF,posted,2026-07-29T05:06:14.683645,1149
a2e511fccd06b9db,https://www.jobsnepal.com/senior-javascript-developer-immediate-start-143395,Senior JavaScript Developer - Immediate Start,Surya Web Solution Pvt Ltd,posted,2026-07-29T05:06:36.687794,1151
ff6acfe20d501f98,https://www.jobsnepal.com/javakaparajanama-sahayaga-samagara-kharatha-samavanathha-sacana-143482,जीविकोपार्जनमा सहयोग सामाग्री खरिद सम्वन्धि सुचना,SOSEC Nepal,posted,2026-07-31T05:07:11.757709,1151
95c3861fcda2a137,https://www.jobsnepal.com/front-desk-receptionist-female-only-marketing-specialist-digital-physical-all-roundermale-143481,Front Desk /Receptionist (Female only) & Marketing Specialist (Digital & Physical / All-Rounder)(Male),Sathi Mobility Pvt Ltd,posted,2026-07-31T05:07:39.016894,1152
83ea78630ef260d3,https://www.jobsnepal.com/consultancy-services-on-community-disaster-readiness-graduation-assessment-143480,Consultancy Services on Community Disaster Readiness Graduation Assessment,Oxfam in Nepal,posted,2026-07-31T05:08:07.539182,1154
abc4e29be88b1b83,https://www.jobsnepal.com/expression-of-interest-143479,Expression of Interest,PeaceWin Nepal,posted,2026-07-31T05:08:20.317150,299
5a6fee236ed62772,https://www.jobsnepal.com/monitoring-evaluation-accountability-and-learning-meal-manager-143478,"Monitoring, Evaluation, Accountability, and Learning (MEAL) Manager",Action For Nepal,posted,2026-07-31T05:08:48.408124,1156
90073d88630477a5,https://www.jobsnepal.com/consultancy-services-on-review-of-the-group-cash-transfer-gct-approach-in-nepal-learning-and-future-directions-for-local-humanitarian-leadership-lhl-143477,Consultancy Services on Review of the Group Cash Transfer (GCT) Approach in Nepal: Learning and Future Directions for Local Humanitarian Leadership (LHL),Oxfam in Nepal,posted,2026-07-31T05:09:16.564785,1158
8ac4f21459e04c72,https://www.jobsnepal.com/various-positions-143476,Various Positions,Rastriya Rojgar Prawardhan Kendra RRPK,posted,2026-07-31T05:09:30.822042,259
dec09c304453dbc4,https://www.jobsnepal.com/private-sector-engagement-specialist-143475,Private Sector Engagement Specialist,Mercy Corps,posted,2026-07-31T05:09:57.840381,1160
77fd21b1e8e62a02,https://www.jobsnepal.com/shalbnatha-katashana-aahavanaka-sacana-143474,शिलबन्दी कोटेशन आह्वानको सूचना,Rural Development Centre Nepal,posted,2026-07-31T05:10:04.362058,1160
acbc1c3e4aaece03,https://www.jobsnepal.com/rahata-samagara-kharatha-samabnathha-shalvanatha-blpatara-aahavanaka-sacana-143473,राहत सामग्री खरीद सम्बन्धि शिलवन्दी बोलपत्र आह्वानको सूचना,Nepal Red Cross Society - Karnali Province,posted,2026-07-31T05:10:07.622117,1160
b2860c7696ae241a,https://www.jobsnepal.com/front-desk-officer-ieltspte-instructor-143472,Front Desk Officer & IELTS/PTE Instructor,Study First Pvt. Ltd,posted,2026-07-31T05:10:31.630438,1162
678e6bfcc8256c4c,https://www.jobsnepal.com/project-assistant-inclusive-conservation-mawrin-project-143471,"Project Assistant-Inclusive Conservation, MaWRiN Project",WWF Nepal,posted,2026-07-31T05:10:57.192126,1164
d807e66a9c78e97c,https://www.jobsnepal.com/multiple-positions-143470,Multiple Positions,Lutheran World Relief,posted,2026-07-31T05:11:22.652147,1166
0c54fa269363bf41,https://www.jobsnepal.com/expression-of-interest-eoi-143469,Expression of Interest (EOI),Centre for Mental Health & Counselling Nepal,posted,2026-07-31T05:11:35.368951,299
85a79e762c601d78,https://www.jobsnepal.com/terms-of-reference-tor-for-2-days-health-data-management-for-adolescents-analysis-skill-building-for-afhs-oriented-or-afhs-certification-process-143468,Terms of Reference (TOR) for 2- Days Health Data Management for Adolescents & Analysis skill building for AFHS oriented or AFHS certification process,Human Rights Awareness Centre (HURAC) Nepal,posted,2026-07-31T05:12:02.066223,1168
6bd8944a575b4c60,https://www.jobsnepal.com/terms-of-reference-tor-for-entrepreneurship-employability-skills-training-under-safe-girls-project-143467,Terms of Reference (TOR) for Entrepreneurship & Employability Skills Training under SAFE Girls Project,Human Rights Awareness Centre (HURAC) Nepal,posted,2026-07-31T05:12:29.125251,1170
c2e2a028f1c1020a,https://www.jobsnepal.com/expression-of-interest-eoi-for-roster-of-provincial-coordinators-7-positions-and-sectoral-lead-experts-143466,EXPRESSION OF INTEREST (EOI) for Roster of Provincial Coordinators (7 Positions) and Sectoral Lead Experts,USP Consultancy,posted,2026-07-31T05:12:52.939885,1172
2a7cf6f70ec6ec3e,https://www.jobsnepal.com/consultancy-announcement-for-consultantconsulting-firm-for-climate-and-disaster-risk-assessment-143465,Consultancy Announcement for Consultant/Consulting Firm for Climate and Disaster Risk Assessment,Environment and Public Health Organization,posted,2026-07-31T05:13:40.637485,1174
ead3ca0b37c57ed2,https://www.jobsnepal.com/finance-administration-officer-143464,Finance & Administration Officer,FIAN Nepal,flagged|no_apply_contact,2026-07-31T05:13:44.015044,
abeb2a4ce2c738df,https://www.jobsnepal.com/karamacara-aavashayakata-samabnathha-sacana-143463,कर्मचारी आवश्यकता सम्बन्धी सूचना,Women Association for Marginalized Women (WAM) Surkhet,posted,2026-07-31T05:13:49.394473,1174
b78bb1efa77adece,https://www.jobsnepal.com/production-manager-143462,Production Manager,Om Sairam Felt Product Private Limited,posted,2026-07-31T05:14:14.359576,1176
7340566f7b3a9ce5,https://www.jobsnepal.com/accounts-data-entry-assistant-143461,Accounts Data Entry Assistant,Explore Himalaya,posted,2026-07-31T05:14:37.465966,1178
ade23587e8eaaec0,https://www.jobsnepal.com/packaging-in-charge-143460,Packaging In-charge,Om Sairam Felt Product Private Limited,posted,2026-07-31T05:14:59.829321,1180
a2a0e77ad26e3d54,https://www.jobsnepal.com/receptionist-143459,Receptionist,Om Sairam Felt Product Private Limited,posted,2026-07-31T05:15:25.574862,1182
84d99a6d8855571c,https://www.jobsnepal.com/tanadara-blpatara-aahavana-garaeka-sacana-143458,टेन्डर बोलपत्र आह्वान गरिएको सूचना,National Farmers Group Federation Nepal (NFGF Nepal),posted,2026-07-31T05:15:28.964640,1182
3556e0fefe282e0f,https://www.jobsnepal.com/operations-officer-143457,Operations Officer,Reputed Company,posted,2026-07-31T05:15:42.768962,659
2e2dfa02b8a6f768,https://www.jobsnepal.com/shalbnatha-blpatara-aahavana-samabnathha-sacana-143456,शिलबन्दी बोलपत्र आह्वान सम्बन्धी सूचना,Forum for Rural Welfare and Agricultural Reform for Development (FORWARD) Nepal,posted,2026-07-31T05:15:47.878380,1182
d9e799d0d4b0ba02,https://www.jobsnepal.com/majatha-saca-vendor-roster-tharata-samabnathha-sacana-143455,मौजुदा सूची (Vendor Roster) दर्ता सम्बन्धी सूचना,Divya Development Resource Centre Parsa,posted,2026-07-31T05:16:03.239249,1184
d1e93d5d29fdebe7,https://www.jobsnepal.com/officer-physiotherapy-instructor-143454,Officer (Physiotherapy Instructor),AMDA Nepal,posted,2026-07-31T05:16:31.122616,1186
96ba56b973ee40dc,https://www.jobsnepal.com/request-for-proposal-rfp-for-resource-person-for-psychosocial-counselling-training-143453,Request for Proposal (RFP) for Resource Person for Psychosocial Counselling Training,Social Development Forum (SDF) Banke,posted,2026-07-31T05:17:14.109556,1188
39b771c5e7758230,https://www.jobsnepal.com/notice-for-expression-of-interest-eoi-final-evaluation-and-feasibility-study-143452,Notice for Expression of Interest (EoI): Final Evaluation and Feasibility Study,REED Nepal,posted,2026-07-31T05:17:36.762501,1190
dd781972edf4f5f3,https://www.jobsnepal.com/request-for-proposal-rfp-for-resource-person-for-training-to-children-and-adolescents-on-interactive-forum-theatre-143451,Request for Proposal (RFP) for Resource Person for Training to Children and Adolescents on Interactive Forum Theatre,Social Development Forum (SDF) Banke,posted,2026-07-31T05:18:02.772782,1192
0480d8f737656fd0,https://www.jobsnepal.com/shakashhaka-teacher-143450,शिक्षिका (Teacher),Down Syndrome Society Nepal,posted,2026-07-31T05:18:16.397788,1194
92c5b3bc38ac1d55,https://www.jobsnepal.com/civil-engineer-water-supply-engineer-wastewater-design-engineer-143449,Civil Engineer / Water Supply Engineer / Wastewater Design Engineer,Civil Tech Pvt Ltd,posted,2026-07-31T05:18:36.953032,1195
5ee4c2f1590a8e23,https://www.jobsnepal.com/call-for-expression-of-interest-eoi-for-vendor-enlistment-143448,Call For Expression of Interest (EOI) for Vendor Enlistment,KURVE Wustrow,posted,2026-07-31T05:19:03.937085,1197
a89048b406073ab1,https://www.jobsnepal.com/receptionist-male-143447,Receptionist (Male),Mandala Boutique Hotel,posted,2026-07-31T05:19:26.268536,1199
6803f0f330059aef,https://www.jobsnepal.com/gaharasarakara-sasathahanprbta-aashayapatara-eoi-aahavana-garaeka-sacana-143446,गैह्रसरकारी संस्थाहरूबाट आशयपत्र (EOI) आह्वान गरिएको सूचना,Habitat Nepal,posted,2026-07-31T05:19:41.627067,1201
0b6954ae7dbd5480,https://www.jobsnepal.com/digital-marketing-social-media-local-seo-manager-143445,"Digital Marketing, Social Media & Local SEO Manager",Minshe Corp,posted,2026-07-31T05:20:05.799733,1202
fbef12acae1558a4,https://www.jobsnepal.com/resource-development-and-program-quality-director-143444,RESOURCE DEVELOPMENT AND PROGRAM QUALITY DIRECTOR,World Vision International Nepal,posted,2026-07-31T05:20:31.493112,1204
01c37740efa90150,https://www.jobsnepal.com/blpatara-aahavana-call-for-bid-143501,बोलपत्र आह्वान (Call for Bid),LI-BIRD,posted,2026-08-01T05:00:54.945093,1206
9ec166afa84b2303,https://www.jobsnepal.com/terms-of-reference-tor-for-consultantconsulting-firm-for-drafting-the-local-right-to-food-and-food-sovereignty-act-143500,TERMS OF REFERENCE (TOR) for Consultant/Consulting Firm for Drafting the Local Right to Food and Food Sovereignty Act,Kalika Self Reliance Social Center,posted,2026-08-01T05:01:23.595100,1208
4f71d40c7a6205cb,https://www.jobsnepal.com/terms-of-reference-tor-for-consultancy-hiring-143499,Terms of Reference (ToR) For Consultancy hiring,Save the Children,posted,2026-08-01T05:01:47.017245,1210
872657e70bf6426a,https://www.jobsnepal.com/invitation-to-tender-143498,Invitation to Tender,Plan International Nepal,posted,2026-08-01T05:02:15.483643,1212
2be46631acfcd9dc,https://www.jobsnepal.com/tender-call-for-design-supply-delivery-installation-testing-commissioning-of-a-grid-connected-solar-pv-system-143497,"Tender call for Design, Supply, Delivery, Installation, Testing & Commissioning of a Grid-Connected Solar PV System",Preservation of Environment and Social Welfare Association of Nepal (PESWAN),posted,2026-08-01T05:02:37.930841,1214
55ed8aa89cdb16f0,https://www.jobsnepal.com/re-invitation-for-expression-of-interest-for-development-of-disability-equity-framework-and-associated-tools-143496,Re-Invitation for Expression of Interest For Development of Disability Equity Framework and Associated Tools,International Nepal Fellowship (Nepal),posted,2026-08-01T05:03:04.442041,1216
da108df6092ef6cd,https://www.jobsnepal.com/technical-coordinator-143495,Technical Coordinator,SAHAMATI,posted,2026-08-01T05:03:16.788544,458
95bc806d664feb15,https://www.jobsnepal.com/various-positions-143494,Various Positions,Captivating Nepal,posted,2026-08-01T05:03:29.670218,259
b3da8f38369c6ff4,https://www.jobsnepal.com/various-positions-143493,Various Positions,International Nepal Fellowship (Nepal),posted,2026-08-01T05:03:44.379221,259
fff757eff840957d,https://www.jobsnepal.com/shalbnatha-katashana-aahavanaka-sacana-143492,शिलबन्दी कोटेशन आह्वानको सूचना,Rural Development Centre Nepal,posted,2026-08-01T05:03:50.467240,1216
fdcc6cf3382dad8e,https://www.jobsnepal.com/project-manager-powering-nepals-green-industrial-future-143491,Project Manager – Powering Nepal’s Green Industrial Future,"Centre for Rural Technology, Nepal",posted,2026-08-01T05:04:15.090248,1218
6134e8f666323609,https://www.jobsnepal.com/research-officer-143490,Research Officer,Progress Inc,posted,2026-08-01T05:04:38.677256,1220
27c181a232d23d68,https://www.jobsnepal.com/vasata-tatha-sava-parathayaka-sasathahanprka-sacakaranae-ra-katashana-maga-samabnathhama-143489,वस्तु तथा सेवा प्रदायक संस्थाहरूको सुचिकरण र कोटेशन माग सम्बन्धमा,Animal Health Training and Consultancy Service (AHTCS),posted,2026-08-01T05:04:44.385557,1220
148760a5a0a4531e,https://www.jobsnepal.com/terms-of-reference-tor-for-university-research-grant-on-disability-inclusion-143488,Terms of Reference (TOR) for University Research Grant on Disability Inclusion,Blind Youth Association Nepal,posted,2026-08-01T05:05:10.810229,1221
d4c5585808694a9c,https://www.jobsnepal.com/call-for-applicationnomination-143487,Call for Application/Nomination,Environment and Public Health Organization,posted,2026-08-01T05:05:35.565587,1223
ed919628219bd412,https://www.jobsnepal.com/agriculture-technician-143486,Agriculture Technician,"BYC, Baglung",posted,2026-08-01T05:05:56.477437,1224
fd8fb7f553735a6e,https://www.jobsnepal.com/tor-hiring-of-consultant-for-development-of-training-manual-and-delivery-of-training-of-trainers-tot-on-rights-based-approach-screening-and-psychosocial-first-aid-pfa-143485,"ToR - Hiring of Consultant for Development of Training Manual and Delivery of Training of Trainers (ToT) on Rights-Based Approach, Screening and Psychosocial First Aid (PFA)",KOSHISH,posted,2026-08-01T05:06:20.005617,1226
2920b60462a99a46,https://www.jobsnepal.com/consultancy-services-for-market-assessment-willingness-to-pay-analysis-and-pricing-strategy-for-an-ai-assisted-loss-and-damage-assessment-solution-143484,"Consultancy Services for Market Assessment, Willingness-to-Pay Analysis and Pricing Strategy for an AI-assisted Loss and Damage Assessment Solution",Naxa Private Limited,posted,2026-08-01T05:06:41.466373,1227
00aa8206d5b35181,https://www.jobsnepal.com/request-for-quotation-rfq-service-under-crs-nepal-143483,Request for Quotation (RFQ) Service under CRS Nepal,CRS Nepal,posted,2026-08-01T05:07:03.149618,1229
6de16d5708636803,https://www.jobsnepal.com/expression-of-interest-eoi-for-independent-audit-services-143516,Expression of Interest (EOI) for Independent Audit Services,Rural Women Upliftment Association (RWUA),posted,2026-08-03T05:10:43.539915,1231
56703bbeaa256b63,https://www.jobsnepal.com/invitation-to-tender-for-class-room-management-support-furniture-support-to-school-desk-bench-143515,Invitation to Tender for Class Room Management Support - Furniture Support to School- Desk & Bench.,Rastriya Rojgar Prawardhan Kendra (RRPK)- Malangwa,posted,2026-08-03T05:11:06.205954,1233
64a2f3a702db0b69,https://www.jobsnepal.com/chief-executive-officer-ceo-143513,Chief Executive Officer (CEO),World Mart Unique Solution Pvt. Ltd.,posted,2026-08-03T05:11:28.635972,1234
632a8a3239fdb4c6,https://www.jobsnepal.com/gender-project-coordinator-143512,Gender Project Coordinator,Rural Development Centre Nepal,posted,2026-08-03T05:11:53.748065,1236
b991716b9a93c969,https://www.jobsnepal.com/invitation-for-bids-tender-call-143511,INVITATION FOR BIDS / TENDER CALL,Fair Trade Group Nepal,posted,2026-08-03T05:12:16.485224,1238
d88e71e709984a0c,https://www.jobsnepal.com/finance-coordinator-143510,Finance Coordinator,Community Development & Advocacy Forum Nepal,posted,2026-08-03T05:12:39.731404,1240
8d7b3556524100e9,https://www.jobsnepal.com/provincial-secretary-143508,Provincial Secretary,Manavsewa Ashram,posted,2026-08-03T05:13:00.719057,1242
ddf333543925f4fc,https://www.jobsnepal.com/shalbnatha-parasatavana-aahavanaka-lga-sacana-143507,शिलबन्दी प्रस्तावना आह्वानका लागि सूचना,Relief Nepal,posted,2026-08-03T05:13:04.159467,1242
9a63336f122f9699,https://www.jobsnepal.com/protection-officer-143506,Protection Officer,Janajati Society Development Programme (JSDP) Sindhuli,posted,2026-08-03T05:13:26.147167,1244
18dfa03145ad9930,https://www.jobsnepal.com/programme-coordinator-pc-143505,Programme Coordinator (PC),Janajati Society Development Programme (JSDP) Sindhuli,posted,2026-08-03T05:13:48.490971,1246
6c88babe81a86a37,https://www.jobsnepal.com/procurement-and-logistics-officer-143504,Procurement and Logistics Officer,Janajati Society Development Programme (JSDP) Sindhuli,posted,2026-08-03T05:14:11.771982,1248
272af8c3c773f246,https://www.jobsnepal.com/pre-school-and-campaign-officer-143503,Pre-School and Campaign Officer,Janajati Society Development Programme (JSDP) Sindhuli,posted,2026-08-03T05:14:34.405711,1250
e4e9c1a7f6367778,https://www.jobsnepal.com/expression-of-interest-eoi-143502,Expression of Interest (EOI),PACE-Nepal,posted,2026-08-03T05:14:56.025598,1252
e26a9a45275703da,https://www.jobsnepal.com/request-for-quotation-rfq-under-crs-nepal-143483,Request for Quotation (RFQ) under CRS Nepal,CRS Nepal,posted,2026-08-03T05:15:17.370122,1254
c9af592ee2d4db9b,https://www.jobsnepal.com/call-for-expression-of-interest-143558,Call for Expression of Interest,Nepal Agriculture Cooperative Central Federation Ltd.(NACCFL),posted,2026-08-05T04:49:14.492178,378
5166831d980157e4,https://www.jobsnepal.com/jalvayamatara-kashha-pathashal-climate-field-school-samabnathha-talma-saniacalnaka-lga-shalbnatha-parasatavana-rfp-aahavanaka-lga-sacana-143557,जलवायुमैत्री कृषी पाठशाला -Climate Field School) सम्बन्धि तालिम सञ्चालनका लागि शिलबन्दी प्रस्तावाना (RFP) आह्वानका लागि सूचना:,Rastriya Rojgar Prawardhan Kendra (Rautahat),posted,2026-08-05T04:49:27.453409,1256
f312b122f6fff40a,https://www.jobsnepal.com/invitation-for-rfq-143556,INVITATION FOR RFQ,Panchtara Yuwa Samrakshak Manch (PTYSM) Jajarkot,posted,2026-08-05T04:49:48.458542,1258
1771946f709c7f37,https://www.jobsnepal.com/call-for-quotation-hotel-booking-for-training-event-143555,Call for Quotation — Hotel Booking for Training Event,Rural Economic Development Association,posted,2026-08-05T04:50:11.172314,1260
deb6acb0aa831896,https://www.jobsnepal.com/assistant-to-head-of-veteran-services-143553,Assistant to Head Of Veteran Services,British Gurkhas Nepal,posted,2026-08-05T04:50:33.791882,1261
828f97e569ba7a2d,https://www.jobsnepal.com/call-for-consultancy-service-for-video-documentary-on-climate-change-and-eco-system-based-adaptation-information-and-develop-flip-chart-143552,Call for Consultancy Service for video documentary on climate change and eco-system-based adaptation information and develop flip chart,National Environment and Equity Development Society (NEEDS Nepal),posted,2026-08-05T04:50:56.169075,1263
9496071aee049a14,https://www.jobsnepal.com/majatha-saca-tharata-samabnathha-sacana-143551,मौजुदा सूची दर्ता सम्बन्धी सूचना,University of Nepal (UNepal),posted,2026-08-05T04:51:01.883800,1263
d1aead375af0b790,https://www.jobsnepal.com/call-for-expression-of-interest-eoi-for-documentation-of-agroecological-best-practices-143550,Call for Expression of Interest (EOI) for Documentation of Agroecological Best Practices,SAHAS Nepal,posted,2026-08-05T04:51:23.121606,1265
6b41c121b0968457,https://www.jobsnepal.com/vacancy-for-various-positions-143549,Vacancy for Various Positions,Vertex Foods and Beverages Pvt Ltd,posted,2026-08-05T04:51:47.449551,1267
304057311126cb3c,https://www.jobsnepal.com/korean-air-reservations-officer-143548,Korean Air Reservations Officer,Universal Tours and Travels Pvt Ltd,posted,2026-08-05T04:52:12.064367,1269
a9a27969d4e9eb41,https://www.jobsnepal.com/clinical-psychologist-143547,Clinical Psychologist,KOSHISH,flagged|no_apply_contact,2026-08-05T04:52:15.383399,
3bd5d067132f05e4,https://www.jobsnepal.com/expression-of-interest-eoi-143546,Expression of Interest (EOI),Pro Public,posted,2026-08-05T04:52:28.419222,299
75878b81e2008205,https://www.jobsnepal.com/vashhaya-pana-shalbnatha-katashana-maga-garaeka-samabnathhama-143545,विषय: पुनः शिलबन्दि कोटेशन माग गरीएको सम्बन्धमा,"Hilly Region Development Campaign (HRDC), Jajarkot",posted,2026-08-05T04:52:31.951495,1269
1cd91eb1dc6fa14a,https://www.jobsnepal.com/graphic-designer-143544,Graphic Designer,Media Journal Pvt. Ltd.,posted,2026-08-05T04:52:51.600735,1271
45d4c6dc8d52a41c,https://www.jobsnepal.com/community-health-mobilizer-chm-143543,Community Health Mobilizer (CHM),FAYA-Nepal,posted,2026-08-05T04:53:14.485698,1273
9bb152111603aded,https://www.jobsnepal.com/executive-director-143542,EXECUTIVE DIRECTOR,Digo Bikas Institute,posted,2026-08-05T04:53:36.127732,1275
c093c02eca877527,https://www.jobsnepal.com/various-positions-143541,Various Positions,Nepal Integrated Development Society(NIDS),posted,2026-08-05T04:53:49.415684,259
a4237beda06cc80b,https://www.jobsnepal.com/shalbnatha-katashana-aahavanaka-sacana-143540,शिलबन्दी कोटेशन आह्वानको सूचना,Rastriya Rojgar Prawardhan Kendra RRPK,posted,2026-08-05T04:53:53.040127,1275
e5ef458116c36bdb,https://www.jobsnepal.com/call-for-gender-equality-and-social-inclusion-gesi-officer-143539,Call for Gender Equality and Social Inclusion (GESI) Officer,ANSAB Nepal,posted,2026-08-05T04:54:16.657386,1277
a5405c4701656328,https://www.jobsnepal.com/rmis-architect-homes-and-communities-143538,"RMIS Architect, Homes and Communities",CRS Nepal,posted,2026-08-05T04:54:40.713006,1279
f32c5cfc40ab7a83,https://www.jobsnepal.com/terms-of-reference-tor-for-end-of-project-external-evaluation-143537,Terms of Reference (ToR) for End of Project External Evaluation,Islamic Relief Nepal,posted,2026-08-05T04:55:03.101256,1281
f6a64fe3f8d9da21,https://www.jobsnepal.com/field-officer-fo-143536,Field Officer (FO),Rural Economic Development Association,posted,2026-08-05T04:55:26.487958,1283
8741c26aeaa5db2b,https://www.jobsnepal.com/request-for-quotation-rfq-for-the-supply-and-delivery-of-emergency-relief-items-nfris-for-mercy-corps-nepal-143535,Request for Quotation (RFQ) for the Supply and Delivery of Emergency Relief Items (NFRIs) for Mercy Corps Nepal,Mercy Corps,posted,2026-08-05T04:55:47.930825,1285
636e782b1f5e63fe,https://www.jobsnepal.com/finance-manager-143534,Finance Manager,Blind Youth Association Nepal,posted,2026-08-05T04:56:14.467682,1286
cb72b3417cceff40,https://www.jobsnepal.com/call-for-expression-of-interest-143533,Call For Expression of Interest,TPO Nepal,posted,2026-08-05T04:56:35.787812,1287
cceb0f928633d764,https://www.jobsnepal.com/monitoring-evaluation-accountability-and-learning-meal-associate-143532,"Monitoring, Evaluation, Accountability, and Learning (MEAL) Associate",Action For Nepal,posted,2026-08-05T04:56:59.225297,1289
4895d5e54dbf4128,https://www.jobsnepal.com/development-of-zero-food-waste-action-plan-for-hospitality-sector-in-buffer-zone-of-chitwan-national-park-143531,Development of Zero Food Waste Action Plan for Hospitality Sector in Buffer Zone of Chitwan National Park,WWF Nepal,posted,2026-08-05T04:57:20.956916,1291
fb6a134682dd7447,https://www.jobsnepal.com/request-for-quotation-rfq-laptop-procurement-143530,REQUEST FOR QUOTATION (RFQ): LAPTOP PROCUREMENT,World Vision International Nepal,posted,2026-08-05T04:57:42.601251,1293
783aefefbf26ed3d,https://www.jobsnepal.com/invitation-for-bid-143529,INVITATION FOR BID,Deutsche Gesellschaft für Internationale Zusammenarbeit (GIZ) GmbH,posted,2026-08-05T04:58:03.948140,1294
006d4c0769b2aefe,https://www.jobsnepal.com/country-director-143528,Country Director,HAPSA Nepal,posted,2026-08-05T04:58:29.673574,1296
4cf3666d1c0f184e,https://www.jobsnepal.com/call-for-expression-of-interest-eoi-143527,CALL FOR EXPRESSION OF INTEREST (EOI),SHAPLA NEER,posted,2026-08-05T04:58:42.232921,199
aee644e7e2fe1637,https://www.jobsnepal.com/livelihood-and-enterprise-development-officer-led-officer-143526,Livelihood and Enterprise Development Officer (LED-Officer),National Environment and Equity Development Society (NEEDS Nepal),posted,2026-08-05T04:59:05.109527,1298
758edb1fae4150ef,https://www.jobsnepal.com/global-hr-officer-systems-data-143525,Global HR Officer – Systems & Data,Helvetas Nepal,posted,2026-08-05T04:59:29.302007,1300
2886fcf2df7ab813,https://www.jobsnepal.com/admin-assistant-143524,Admin Assistant,Manavsewa Ashram,posted,2026-08-05T04:59:50.375694,1302
dfbef9b502c75b94,https://www.jobsnepal.com/school-mobilizer-143523,School Mobilizer,UWS Nepal,posted,2026-08-05T05:00:16.310507,1304
d1a483f24a49ce9e,https://www.jobsnepal.com/expression-of-interest-to-hire-consultant-for-anbeshi-status-and-dimensions-of-violence-against-women-reality-revealed-143522,Expression of Interest to Hire consultant for Anbeshi (Status and Dimensions of Violence Against Women Reality Revealed),Women's Rehabilitation Centre (WOREC),posted,2026-08-05T05:00:37.968368,1306
475268fd4ab9a314,https://www.jobsnepal.com/various-positions-143521,Various Positions,Shanti Law Associates,posted,2026-08-05T05:00:49.866380,259
27a75d0264e8ac1f,https://www.jobsnepal.com/district-lead-143520,District Lead,UWS Nepal,posted,2026-08-05T05:01:14.122200,1308
5fa136d116e469ef,https://www.jobsnepal.com/technical-officer-143519,Technical Officer,"People, Energy and Environment Development Association",posted,2026-08-05T05:01:35.663401,1309
6031ea1b177be6c9,https://www.jobsnepal.com/climate-risk-insurance-specialist-143518,Climate Risk Insurance Specialist,PRACTICAL ACTION,posted,2026-08-05T05:01:59.217116,1311
5375408f2a528713,https://www.jobsnepal.com/civic-engagement-officer-143517,Civic Engagement Officer,Bageshwori Asal Shasan Club (BAS Nepal),posted,2026-08-05T05:02:22.505765,1313
fd6b16f852e926af,https://www.jobsnepal.com/call-for-expression-of-interest-eoi-full-time-hydrogeological-supervision-services-of-boreholes-drilling-and-technical-support-services-143514,Call for expression of interest (EoI): Full time hydrogeological supervision services of boreholes drilling and technical support services,WaterAid Nepal,posted,2026-08-05T05:02:43.873329,1315
949fdd145b8bd5d1,https://www.jobsnepal.com/business-promotion-officer-143599,Business Promotion Officer,Action Nepal,posted,2026-08-07T04:15:59.671457,1316
db1c4b68d4365b77,https://www.jobsnepal.com/samajaka-paracalka-social-mobilizer-143598,सामाजिक परिचालक (Social Mobilizer),UN Nepal Gorkha,posted,2026-08-07T04:16:15.419101,1318
2ba1a620684e957a,https://www.jobsnepal.com/1-finance-officer-2scm-procurement-officer-143597,1. Finance Officer / 2.SCM & Procurement Officer,"Progressive Youth Society, Chainpur Bajhang",posted,2026-08-07T04:16:36.921017,1320
8bebd21dd859e259,https://www.jobsnepal.com/expression-of-interest-eoi-consultancy-services-for-conducting-community-action-for-disaster-response-cadre-training-143596,Expression of Interest (EoI): Consultancy Services for Conducting Community Action for Disaster Response (CADRE) Training,World Vision International Nepal,posted,2026-08-07T04:16:59.335708,1322
8a55bcd5b37783a1,https://www.jobsnepal.com/expression-of-interest-eoi-for-assignment-consultant-to-training-to-persons-with-disabilities-and-their-families-on-national-and-international-policies-and-laws-143595,Expression of Interest (EOI) for Assignment: Consultant to training to persons with disabilities and their families on National and International Policies and laws.,PFPID-Nepal,posted,2026-08-07T04:17:24.944182,1324
fd5f96773ed93329,https://www.jobsnepal.com/expression-of-interest-eoi-for-pshg-training-143594,Expression of Interest (EOI) for PSHG training,PFPID-Nepal,posted,2026-08-07T04:17:47.869408,1326
98ec50e362715a39,https://www.jobsnepal.com/invitation-for-expression-of-interest-eoi-143593,Invitation for Expression of Interest (EOI),Nepal Development Society,posted,2026-08-07T04:17:59.822342,378
34956c2cb2bb18fe,https://www.jobsnepal.com/health-officer-143592,Health Officer,Manavsewa Ashram,posted,2026-08-07T04:18:25.234834,1328
b7333f2ca9b26e1a,https://www.jobsnepal.com/talma-sahajakaranaeka-lga-katashana-aahavana-143591,तालिम सहजीकरणका लागि कोटेशन आह्वान,Bagmati Welfare Society Nepal(BWSN),posted,2026-08-07T04:18:30.215070,1328
d26e21c49dab7992,https://www.jobsnepal.com/re-invitation-for-bids-143590,Re-Invitation for Bids,SAHAS Nepal,posted,2026-08-07T04:18:53.091332,1330
6da6363c3acf622c,https://www.jobsnepal.com/sacakata-hana-aauna-samabnathha-sacana-143589,सुचिकृत हुन आउने सम्बन्धी सूचना,Haripur WSSMB,posted,2026-08-07T04:18:56.338824,1330
b1f6b84861470e8a,https://www.jobsnepal.com/call-for-eoi-for-vendor-enlistment-in-roaster-143588,Call for EOI for Vendor Enlistment in Roaster,MinErgy Initiatives,posted,2026-08-07T04:19:17.930387,1332
7b99bd5c56cce3c8,https://www.jobsnepal.com/expression-of-interest-eoi-consultanttrainer-for-cadre-training-143587,Expression of Interest (EOI) - Consultant/Trainer for CADRE Training,Rural Development Centre Nepal,posted,2026-08-07T04:19:43.326679,1334
26422f89c63323e3,https://www.jobsnepal.com/district-focal-person-143586,District Focal Person,Japan-Nepal Health & Tuberculosis Research Association (JANTRA),posted,2026-08-07T04:20:04.754019,1335
46261ff9b3deba69,https://www.jobsnepal.com/community-led-monitoring-clm-leader-143585,Community-Led Monitoring (CLM) Leader,Japan-Nepal Health & Tuberculosis Research Association (JANTRA),posted,2026-08-07T04:20:26.528787,1336
9f190aeffae59ccb,https://www.jobsnepal.com/finance-officer-143584,Finance Officer,Japan-Nepal Health & Tuberculosis Research Association (JANTRA),posted,2026-08-07T04:20:39.915445,1013
e5dcd2950acfda2a,https://www.jobsnepal.com/field-research-assistant-143583,Field Research Assistant,CREHPA,posted,2026-08-07T04:21:01.735604,1338
8705afb1055cf3de,https://www.jobsnepal.com/falda-athhakata-field-officer-143582,फिल्ड अधिकृत (Field Officer),National Farmers Group Federation Nepal (NFGF Nepal),posted,2026-08-07T04:21:05.318064,1025
182553e4a80671e8,https://www.jobsnepal.com/administrative-finance-and-hr-intern-trainee-143581,Administrative Finance and HR Intern (Trainee),Association for International Solidarity in Asia,posted,2026-08-07T04:21:26.369152,1340
f6d918a9a98519d2,https://www.jobsnepal.com/accountant-143580,Accountant,Disuda Travel and Tourism,posted,2026-08-07T04:21:51.179807,833
41430cfb70a52b22,https://www.jobsnepal.com/request-for-quotation-rfq-for-the-supply-equipment-and-installation-of-an-automatic-weather-station-aws-in-and-around-tilathi-koiladi-rural-municipality-saptari-143579,Request for Quotation (RFQ) for the Supply equipment and installation of an Automatic Weather Station (AWS) in and around Tilathi Koiladi Rural Municipality-Saptari,Mercy Corps,posted,2026-08-07T04:22:11.827366,1342
f62acbbc0476dafd,https://www.jobsnepal.com/shalbnatha-parasatavana-rfp-aahavanaka-lga-sacana-143578,शिलबन्दी प्रस्तावाना (RFP) आह्वानको लागि सूचना,Support Nepal,posted,2026-08-07T04:22:24.457191,1344
6211253cd285ec7d,https://www.jobsnepal.com/consumer-development-representative-cdr-143577,Consumer Development Representative (CDR),Rastriya Krishi Company Nepal Limited,flagged|no_apply_contact,2026-08-07T04:22:27.839676,
a92d10e4129b0496,https://www.jobsnepal.com/blpatara-aahavana-samabnathha-sacana-143576,बोलपत्र आह्वान सम्बन्धि सुचना,National Environment and Equity Development Society (NEEDS Nepal),posted,2026-08-07T04:22:31.939758,1344
c04aad828fe706c7,https://www.jobsnepal.com/shalbnatha-tharabhau-pasha-garana-samabnathha-sacana-143575,शिलबन्दी दरभाउ पेश गर्ने सम्बन्धी सूचना,Jan Jagaran Youth Club (JJYC) Bara,posted,2026-08-07T04:22:35.103254,1344
63ae9171163352c5,https://www.jobsnepal.com/terms-of-reference-consultancy-for-heat-subject-matter-expert-nepalgunj-sub-metropolitan-city-143574,TERMS OF REFERENCE- Consultancy for Heat Subject-Matter Expert | Nepalgunj Sub-Metropolitan City,Youth Innovation Lab,posted,2026-08-07T04:22:55.697446,1346
f70ddd00043412f5,https://www.jobsnepal.com/program-officer-143573,Program Officer,Stay At School Nepal (SSN),posted,2026-08-07T04:23:09.712078,375
40a88f1fbccb8ebc,https://www.jobsnepal.com/expression-of-interest-eoi-consultanttrainer-for-grades-1-3-teacher-training-integrated-curriculum-143572,Expression of Interest (EOI) - Consultant/Trainer for Grades 1–3 Teacher Training (Integrated Curriculum),Sindhuli Integrated Development Services Nepal (SIDS Nepal),posted,2026-08-07T04:23:31.617957,1347
c8c77a9a90b0cd92,https://www.jobsnepal.com/outreach-worker-orw-fast-in-major-hospital-outreach-worker-orw-143571,Outreach Worker (ORW-FAST in Major Hospital) & Outreach Worker (ORW),Bagmati Welfare Society Nepal(BWSN),posted,2026-08-07T04:23:55.531000,1349
949106d78190de27,https://www.jobsnepal.com/request-for-sealed-quotation-rfq-supply-and-delivery-of-electric-cargo-three-wheelers-143570,Request for Sealed Quotation (RFQ)- Supply and Delivery of Electric Cargo Three-Wheelers,Creasion,posted,2026-08-07T04:24:15.998913,1351
2dfe0850a894624c,https://www.jobsnepal.com/consultancy-services-on-programme-scoping-assessment-to-inform-programme-development-143569,Consultancy Services on Programme Scoping Assessment to Inform Programme Development,Oxfam in Nepal,posted,2026-08-07T04:24:35.333524,1353
71ad6f8736d2a64e,https://www.jobsnepal.com/expression-of-interest-eoi-143568,Expression of Interest (EOI),Pro Public,posted,2026-08-07T04:24:49.222181,1252
16c35e037b412087,https://www.jobsnepal.com/admin-and-finance-officer-143567,Admin and Finance Officer,Sahara Nepal,posted,2026-08-07T04:25:00.920584,984
9ce948626f85cbcf,https://www.jobsnepal.com/invitation-of-sealed-bids-for-supplying-business-start-up-materials-for-women-led-enterprises-143566,Invitation of sealed bids for supplying Business Start-Up Materials for Women-Led Enterprises,Rural Reconstruction Nepal,posted,2026-08-07T04:25:27.108488,1355
d472e7f8d447ba32,https://www.jobsnepal.com/field-coordinator-education-143565,Field Coordinator-Education,Community Development & Advocacy Forum Nepal,posted,2026-08-07T04:25:48.088070,1357
67f46c07e74f176c,https://www.jobsnepal.com/bsatasamagara-aaparatakarata-tatha-sava-parathayakahanprlii-aab-ka-lga-bsa-sasathama-sacakata-hanaka-lga-aahavana-garaeka-sacana-143564,बस्तु/सामग्री आपूर्तिकर्ता तथा सेवा प्रदायकहरूलाई आ.ब.२०८३/०८४ का लागि बेस संस्थामा सुचीकृत हुनको लागि आह्वान गरिएको सूचना !,BASE Organization (Backward Society Education),posted,2026-08-07T04:25:51.195704,1357
1894a84dec0f1ef1,https://www.jobsnepal.com/samathayaka-paracalka-community-mobilizer-143563,सामुदायिक परिचालक (Community Mobilizer),BASE Organization (Backward Society Education),posted,2026-08-07T04:25:54.052717,777
149908a6f3fa41cb,https://www.jobsnepal.com/expression-of-interest-annual-vendor-roster-143562,Expression of Interest: Annual Vendor Roster,Street Child of Nepal,posted,2026-08-07T04:26:16.049762,1359
aa671cf519fd774e,https://www.jobsnepal.com/request-for-quotation-of-solar-component-supply-and-installation-143561,Request for Quotation of Solar Component Supply and installation,Wine to Water Nepal,posted,2026-08-07T04:26:38.175305,1361
f5c36c124fba09fe,https://www.jobsnepal.com/consultantfacilitator-for-inter-party-district-level-political-dialogue-143560,Consultant/Facilitator for Inter-Party District-Level Political Dialogue,Center for Dalit Women Nepal,posted,2026-08-07T04:27:01.449476,1363
1822f92df25516a9,https://www.jobsnepal.com/karamacara-aavashayakata-143559,कर्मचारी आवश्यकता,RUDAS Nepal Rolpa,posted,2026-08-07T04:27:07.347709,1363
c3252c0a2079315b,https://www.jobsnepal.com/various-positions-143615,Various Positions,ADRA Nepal,posted,2026-08-09T03:21:24.608316,259
d4b06cd316146274,https://www.jobsnepal.com/java-developer-143614,Java Developer,Dryice Solutions Pvt. Ltd,posted,2026-08-09T03:21:45.980887,1365
f52f6cd757f791ac,https://www.jobsnepal.com/various-positions-143613,Various Positions,ADRA Nepal,posted,2026-08-09T03:21:58.177326,259
71012c7ef822c2ba,https://www.jobsnepal.com/blpatara-aahavana-samabnathha-sacana-143612,बोलपत्र आह्वान सम्बन्धी सूचना,Sindhuli Integrated Development Services Nepal (SIDS Nepal),posted,2026-08-09T03:22:01.514147,1365
c58351c25f51672d,https://www.jobsnepal.com/shalbnatha-katashana-aahavanaka-sacana-143611,शिलबन्दी कोटेशन आह्वानको सूचना,Rastriya Rojgar Prawardhan Kendra RRPK,posted,2026-08-09T03:22:04.604918,1365
361084bae302a15e,https://www.jobsnepal.com/call-for-expression-of-interest-eoi-consultancy-services-for-wateraid-nepal-country-programme-strategic-review-143610,Call for expression of interest (EoI): Consultancy Services for WaterAid Nepal Country Programme Strategic Review,WaterAid Nepal,posted,2026-08-09T03:22:26.761662,1367
d2974be6495e5a75,https://www.jobsnepal.com/field-officer-social-mobilizer-143609,Field Officer & Social Mobilizer,Rastriya Rojgar Prawardhan Kendra (RRPK)- Malangwa,posted,2026-08-09T03:22:47.718065,1369
732f7583db11b296,https://www.jobsnepal.com/machha-samatana-jal-mahajal-tatha-hata-jal-kharatha-samabnathha-tharabhau-aahavana-sacana-request-for-quotation-rfq-143608,माछा समात्ने जाल (महाजाल) तथा हाते जाल खरिद सम्बन्धी दरभाउ आह्वान सूचना (Request for Quotation - RFQ),MADE Nepal,posted,2026-08-09T03:22:50.813447,287
1fe04d916b53f97c,https://www.jobsnepal.com/project-coordinator-pc-143607,Project Coordinator (PC),Rural Community Development Center,posted,2026-08-09T03:23:03.451120,752
df58b851f0c673b9,https://www.jobsnepal.com/shalbnatha-katashana-aahavanaka-sacana-143606,शिलबन्दी कोटेशन आह्वानको सूचना,Integrated Rural Development Society,posted,2026-08-09T03:23:08.619363,1369
239f0d4e96c0b8a8,https://www.jobsnepal.com/request-for-proposal-rfp-for-consultancy-service-to-conduct-a-study-on-the-identification-of-digital-health-tools-and-platforms-for-the-sanjeevani-project-143605,Request for Proposal (RFP) for Consultancy Service to Conduct a Study on the Identification of Digital Health Tools and Platforms for the Sanjeevani Project,CARE Nepal,posted,2026-08-09T03:23:29.499559,1371
fdf9d92533e5dc62,https://www.jobsnepal.com/terms-of-reference-tor-for-project-evaluation-143604,Terms of Reference (TOR) for Project Evaluation,Rural Oriented Youth Movement Nepal (ROYM Nepal),posted,2026-08-09T03:23:52.616835,1373
d367b603f1cc212b,https://www.jobsnepal.com/admin-and-finance-officer-143603,Admin and Finance Officer,Centre for Agro Ecology and Development,posted,2026-08-09T03:24:06.980802,984
60f3acc83bc32202,https://www.jobsnepal.com/sava-parathayaka-aavashayakata-samabnathha-sacana-143602,सेवा प्रदायक आवश्यकता सम्बन्धि सूचना,Rastriya Rojgar Prawardhan Kendra RRPK,posted,2026-08-09T03:24:10.297936,1373
3f4432441c700bdc,https://www.jobsnepal.com/call-for-applications-for-enumerator-roster-143601,Call for Applications for Enumerator Roster,Heifer International Nepal,posted,2026-08-09T03:24:34.080270,1375
0666d24e4531806f,https://www.jobsnepal.com/tender-notice-to-purchase-second-hand-pickup-4wd-vehicle-143600,Tender Notice to Purchase Second hand Pickup 4WD Vehicle,Bageshwari Asal Shasan Club (BAS Nepal),posted,2026-08-09T03:24:57.959290,1377
807024ae22bf6152,https://www.jobsnepal.com/various-positions-143635,Various Positions,Rolling Plans Pvt. Ltd.,posted,2026-08-11T03:24:07.864190,259
5a5e338845fca0a4,https://www.jobsnepal.com/sacakata-hana-samabnathha-sacana-143634,सूचीकृत हुने सम्बन्धी सूचना,Development Concern Society (DECOS) Nepal,posted,2026-08-11T03:24:14.089607,1377
4b2357660c6f89a0,https://www.jobsnepal.com/parasatavana-aahavana-samabnathha-sacana-143633,प्रस्तावना आह्वान सम्बन्धी सूचना,KIRDARC-Nepal,posted,2026-08-11T03:24:21.720995,1377
413b2818556f45b6,https://www.jobsnepal.com/field-supervisor-falda-saparabhaiijara-143632,Field Supervisor (फिल्ड सुपरभाईजर),Protection Nepal,posted,2026-08-11T03:24:24.858596,637
27bba79a5cde7138,https://www.jobsnepal.com/hospital-manager-143631,HOSPITAL MANAGER,"Nepal Red Cross Society, National Headquarter",posted,2026-08-11T03:24:45.034071,1378
f9e291ba2553792f,https://www.jobsnepal.com/individual-consultant-green-hospitality-standards-roots-of-circularity-143630,Individual Consultant – Green Hospitality Standards / Roots of Circularity,Wildlife Conservation Nepal,posted,2026-08-11T03:25:07.364491,1380
331bc817b6208700,https://www.jobsnepal.com/tharabhau-patara-tatha-majatha-sacama-sacakata-hana-samabnathha-saravajanaka-sacana-143629,दरभाउ पत्र तथा मौजुदा सुचिमा सुचिकृत हुने सम्बन्धी सार्वजनीक सूचना,Support Nepal,posted,2026-08-11T03:25:10.469194,1380
abe294b1cdfdffb5,https://www.jobsnepal.com/shalbnatha-katashana-sealed-quotation-aahavanaka-sacana-143628,शिलबन्दी कोटेशन (Sealed Quotation) आह्वानको सूचना,Rastriya Rojgar Prawardhan Kendra (Rautahat),posted,2026-08-11T03:25:23.535081,1382
934bd32331773f62,https://www.jobsnepal.com/tharabhau-patara-tatha-majatha-sacama-sacakata-hana-samabnathha-saravajanaka-sacana-143627,दरभाउ पत्र तथा मौजुदा सुचिमा सुचिकृत हुने सम्बन्धी सार्वजनीक सूचना,Rural Women Development Centre,posted,2026-08-11T03:25:29.029573,1382
61e840009fad8fdf,https://www.jobsnepal.com/call-for-expression-of-interest-eoi-promoting-rights-inclusion-dignity-and-enhanced-political-participation-of-lgbtiq-individuals-in-nepal-143626,"Call for Expression of Interest (EOI)- Promoting Rights, Inclusion, Dignity, and Enhanced Political Participation of LGBTIQ+ Individuals in Nepal",Blue Diamond Society,posted,2026-08-11T03:25:52.180842,1384
9fe46d23b0540def,https://www.jobsnepal.com/project-coordinator-143625,Project Coordinator,PACE-Nepal,posted,2026-08-11T03:26:05.139789,752
1f77868b60973ef8,https://www.jobsnepal.com/sacakata-vendor-enlistmenthana-samabnathha-thana-saravajanaka-sacana-143624,सुचिकृत (Vendor Enlistment)हुने सम्बन्धि १५ दिने सार्वजनिक सूचना,RUDEC Nepal,posted,2026-08-11T03:26:21.193360,1386
7f022280e67411de,https://www.jobsnepal.com/health-person-143623,Health Person,Manavsewa Ashram,posted,2026-08-11T03:26:32.562270,686
d8d41f3b9bdcf12b,https://www.jobsnepal.com/expression-of-interest-eoi-for-independent-audit-services-143622,EXPRESSION OF INTEREST (EOI) For Independent Audit Services,Divya Development Resource Centre Parsa,posted,2026-08-11T03:26:54.094839,1388
522299e75ae45dee,https://www.jobsnepal.com/saca-tharata-garana-sacana-143621,सूची दर्ता गर्ने सूचना,Global cooperation for development,posted,2026-08-11T03:26:57.276020,1388
a475800f359faa72,https://www.jobsnepal.com/pharmacy-assistant-143620,Pharmacy Assistant,NeoGen Pharma,posted,2026-08-11T03:27:15.903914,1389
36543d3d6c06d605,https://www.jobsnepal.com/parasatavana-aahavana-samabnathha-sacana-143619,प्रस्तावना आह्वान सम्बन्धी सूचना,KIRDARC Nepal,posted,2026-08-11T03:27:19.089723,1389
f5197d8b7b1e318d,https://www.jobsnepal.com/shalbnatha-tharabhau-aahavanaka-lga-sacana-143618,शिलबन्दी दरभाउ आह्वानका लागि सूचना,Relief Nepal,posted,2026-08-11T03:27:22.211342,1389
bb4af13e238bb87e,https://www.jobsnepal.com/impact-coach-officer-level-143617,IMPACT + Coach (officer level),"Jalpa Integrated Development Society(JIDS), Udayapur",posted,2026-08-11T03:27:44.516898,1391
85275cf8e96f153a,https://www.jobsnepal.com/finance-officer-only-women-143616,Finance Officer (Only women),Living Water Nepal,posted,2026-08-11T03:28:06.010871,1393
2b9545955b5486e2,https://www.jobsnepal.com/various-positions-143609,Various Positions,Rastriya Rojgar Prawardhan Kendra (RRPK)- Malangwa,posted,2026-08-11T03:28:18.221089,259
6b206ff53d9ea358,https://www.jobsnepal.com/parasatavana-aahavana-143664,प्रस्तावना आह्वान,International Nepal Fellowship (Nepal),posted,2026-08-13T03:54:53.940004,1393
730a2fc7019b447b,https://www.jobsnepal.com/request-for-proposal-rfp-resource-person-for-training-to-children-and-adolescents-on-interactive-forum-theatre-143663,Request for Proposal (RFP): Resource Person for Training to Children and Adolescents on Interactive Forum Theatre,Social Development Forum (SDF) Banke,posted,2026-08-13T03:55:20.918876,1395
7f9f3284974a7707,https://www.jobsnepal.com/fundraising-coordinator-143662,Fundraising Coordinator,Food For Life Nepal,posted,2026-08-13T03:55:44.014717,1397
732a5bd8ad0f02b8,https://www.jobsnepal.com/terms-of-reference-tor-hiring-of-individual-consultant-or-consulting-firm-for-two-day-hands-on-training-on-artificial-intelligence-ai-143661,TERMS OF REFERENCE (TOR): Hiring of Individual Consultant or Consulting Firm for Two-Day Hands-on Training on Artificial Intelligence (AI),Action For Nepal,posted,2026-08-13T03:56:06.225686,1399
b3af437234e260a1,https://www.jobsnepal.com/request-for-proposal-143660,REQUEST FOR PROPOSAL,Lutheran World Federation,posted,2026-08-13T03:56:26.731072,1401
f1a8e1f287b9ad4f,https://www.jobsnepal.com/resource-center-knowledge-management-officer-143658,Resource Center & Knowledge Management Officer,Voices of Women Media,posted,2026-08-13T03:56:50.213420,1403
8e862bd6402944b9,https://www.jobsnepal.com/expression-of-interest-eoi-call-for-annual-vendor-roster-for-the-fiscal-year-202627-143657,EXPRESSION OF INTEREST (EoI) - CALL FOR ANNUAL VENDOR ROSTER FOR THE FISCAL YEAR 2026/27,CRS Nepal,posted,2026-08-13T03:57:12.331910,1405
6394b9c8d1a17694,https://www.jobsnepal.com/resilience-coordinator-rain-project-143656,"Resilience Coordinator, RAIN Project",DanChurchAid (DCA),posted,2026-08-13T03:57:40.802834,1407
324aec5fd7893c30,https://www.jobsnepal.com/program-coordinator-act-in-food-security-project-143655,Program Coordinator – ACT in Food Security Project,Kalika Self Reliance Social Center,posted,2026-08-13T03:58:02.271184,1409
2e3de6f88fb49ec8,https://www.jobsnepal.com/invitation-for-sealed-quotation-143654,Invitation for Sealed Quotation,Karnali Community Development Centre,posted,2026-08-13T03:58:15.286411,965
f42265c825d24e7a,https://www.jobsnepal.com/invitation-for-bids-school-building-toilet-facilities-construction-143653,Invitation for Bids: School Building & Toilet Facilities Construction,Rastriya Rojgar Prawardhan Kendra (Rautahat),posted,2026-08-13T03:58:35.994750,1411
76d172d93cc029ac,https://www.jobsnepal.com/account-officer-male-143652,Account Officer (Male),JobsNepal.com Direct Recruitment Service,posted,2026-08-13T03:58:58.914550,1413
9b78ff89dd4c4052,https://www.jobsnepal.com/disaster-risk-management-specialist-heat-lead-143651,Disaster Risk Management Specialist – Heat Lead,Mercy Corps,posted,2026-08-13T03:59:23.783453,1415
fb38bc86f39cad84,https://www.jobsnepal.com/request-for-quotation-143650,Request for Quotation,Rural Community Development Center (RCDC) Besishahar,posted,2026-08-13T03:59:44.444508,1417
782af6943c711f23,https://www.jobsnepal.com/selection-coordinator-143649,Selection Coordinator,Teach For Nepal,posted,2026-08-13T04:00:09.018915,1419
b0a60a1a72ccb84b,https://www.jobsnepal.com/request-for-proposal-143648,Request for Proposal,Community Development Centre (CDC),posted,2026-08-13T04:00:37.633766,1421
325160a3a6143342,https://www.jobsnepal.com/project-coordinator-policy-advocacy-143647,Project Coordinator (Policy Advocacy),National Environment and Equity Development Society (NEEDS Nepal),posted,2026-08-13T04:00:59.337224,1423
8115fabe85a5b172,https://www.jobsnepal.com/call-for-expression-of-interest-eoi-for-vendor-roster-143646,Call for Expression of Interest (EOI) for Vendor Roster,APEIRON,posted,2026-08-13T04:01:24.452705,1424
3a79f5e330fef5aa,https://www.jobsnepal.com/paramarashakarata-aahavanaka-sacana-143645,परामर्शकर्ता आह्वानको सूचना,Panchtara Yuwa Samrakshak Manch (PTYSM) Jajarkot,posted,2026-08-13T04:01:27.578612,1424
41195d5230d4d335,https://www.jobsnepal.com/nagaraka-shakashha-sahajakarataka-aavashayakata-143644,नागरिक शिक्षा सहजकर्ताको आवश्यक्ता,Nepal Voters Rights Forum,posted,2026-08-13T04:01:30.654052,1424
70e67763f1b78e06,https://www.jobsnepal.com/admin-finance-officer-143643,Admin & Finance Officer,Human Practice Foundation,posted,2026-08-13T04:01:52.166339,1426
9e59d09cb6232c60,https://www.jobsnepal.com/expression-of-interest-eoi-for-insurance-service-143642,Expression of Interest (EOI) for Insurance Service,dZi Foundation,posted,2026-08-13T04:02:15.297130,1428
6c4f371b9c74ff12,https://www.jobsnepal.com/pashhanae-kashha-tatha-bjarakaranae-sahajakarata-143641,"पोषण, कृषि तथा बजारीकरण सहजकर्ता","Sundar Nepal Sanstha (BNA), surkhet",posted,2026-08-13T04:02:18.437982,1428
608f541627d48aa1,https://www.jobsnepal.com/program-coordinator-143640,Program Coordinator,SHAKHI FRIENDS OF WOMEN,posted,2026-08-13T04:02:43.207344,1430
222c1b98f02bc4f5,https://www.jobsnepal.com/seo-specialist-mid-level-143639,SEO Specialist (Mid-Level),Codewing Solutions Pvt. Ltd.,posted,2026-08-13T04:03:06.090851,1431
401ad9cb8c75172d,https://www.jobsnepal.com/invitation-for-seal-quotation-143638,Invitation for Seal Quotation,Karnali Community Development Centre,posted,2026-08-13T04:03:25.586692,1433
60082450ce95bab9,https://www.jobsnepal.com/driver-143637,DRIVER,Lutheran World Relief,posted,2026-08-13T04:03:38.999426,136
c6cabaf9e36cb9dd,https://www.jobsnepal.com/terms-of-reference-tor-consultancy-services-video-photo-and-case-story-documentation-in-two-phases-and-workshop-on-content-creation-143636,"Terms of Reference (ToR) - Consultancy Services: Video, Photo and Case Story Documentation (in two phases), and Workshop on Content Creation",Welthungerhilfe,posted,2026-08-13T04:04:02.155578,1435
2cf650bd0824f218,https://www.jobsnepal.com/receptionist-143635,Receptionist,Rolling Plans Pvt. Ltd.,posted,2026-08-13T04:04:24.284011,1437
21a00175a2d12635,https://www.jobsnepal.com/donor-contract-management-and-reporting-coordinator-143712,DONOR CONTRACT MANAGEMENT AND REPORTING COORDINATOR,Oxfam in Nepal,posted,2026-08-15T02:39:06.427388,1439
24aaebbeeb22ef8c,https://www.jobsnepal.com/shalbnatha-tharabhau-katashana-aahavana-samabnathha-sacana-143711,शिलबन्दी दरभाउ (कोटेशन) आह्वान सम्बन्धि सूचना,NNSWA,posted,2026-08-15T02:39:12.981930,1439
fe1f2d907d65964c,https://www.jobsnepal.com/capacity-building-specialist-143709,Capacity Building Specialist,Winrock International Nepal,posted,2026-08-15T02:39:37.943211,1440
2caf7443096836c1,https://www.jobsnepal.com/staff-nurse-143708,Staff Nurse,Sunaulo Parivar Nepal,posted,2026-08-15T02:40:01.244362,1441
deebd22664baebc5,https://www.jobsnepal.com/request-for-quotation-rfq-hotel-services-143707,Request for Quotation (RFQ) Hotel Services,CRS Nepal,posted,2026-08-15T02:40:25.603780,1443
3fbbc7721f1d6ebd,https://www.jobsnepal.com/request-for-sealed-quotation-143706,Request for Sealed Quotation,CLEAN UP NEPAL,posted,2026-08-15T02:40:49.736154,1445
e986405ee6e0a458,https://www.jobsnepal.com/terms-of-reference-to-conduct-study-on-youth-returnee-migrants-engagement-in-food-system-transformation-143705,Terms of Reference to conduct study on “Youth & Returnee Migrant’s Engagement in Food System Transformation”,Welthungerhilfe,posted,2026-08-15T02:41:15.010038,1447
24ee2d572873fb37,https://www.jobsnepal.com/terms-of-reference-for-impact-study-of-skill-and-enterprise-intervention-under-past-and-ongoing-whh-nepal-projects-143704,Terms of Reference for Impact Study of Skill and Enterprise intervention under Past and Ongoing WHH Nepal Projects,Welthungerhilfe,posted,2026-08-15T02:41:39.263128,1449
fc2a14cad3a5e0c0,https://www.jobsnepal.com/terms-of-reference-for-a-study-on-welthungerhilfes-role-in-nepals-changing-development-context-143703,Terms of Reference for a Study on Welthungerhilfe’s Role in Nepal’s Changing Development Context,Welthungerhilfe,posted,2026-08-15T02:42:03.169251,1451
84074e58124187a1,https://www.jobsnepal.com/various-positions-143702,Various Positions,Samari Utthan Sewa (SUS),posted,2026-08-15T02:42:18.073253,259
3b5575c6a3e57c31,https://www.jobsnepal.com/production-trainer-quality-lead-artisan-production-nepal-143701,Production Trainer & Quality Lead – Artisan Production (Nepal),Cuddle & Kind,posted,2026-08-15T02:42:40.539386,1452
d5276f30ff8e47c5,https://www.jobsnepal.com/finance-admin-human-resource-manager-fahrm-143700,Finance Admin & Human Resource Manager (FAHRM),The Story Kitchen,posted,2026-08-15T02:43:03.770373,1454
f1447533855f8368,https://www.jobsnepal.com/request-for-proposal-consulting-service-for-event-management-in-nepalgunj-banke-143699,REQUEST FOR PROPOSAL: Consulting Service for Event Management in Nepalgunj Banke,VSO Nepal,posted,2026-08-15T02:43:27.081581,1456
5a782afa3753b6e2,https://www.jobsnepal.com/hayanaedakayapa-inataranashanal-fadarashanathavara-aashaya-patara-aahavana-143697,ह्याण्डिक्याप इन्टरनेशनल फेडेरेशनद्वारा आशय पत्र आह्वान,Handicap International,posted,2026-08-15T02:43:30.702078,1456
585325611397f2d3,https://www.jobsnepal.com/senior-knowledge-broker-asia-civic-space-143696,SENIOR KNOWLEDGE BROKER - ASIA CIVIC SPACE,Oxfam in Nepal,posted,2026-08-15T02:43:56.293698,1458
776181464c95595b,https://www.jobsnepal.com/call-for-expression-of-interest-eoi-for-national-research-143694,Call for Expression of Interest (EOI) for National Research,Centre for International Studies and Cooperation (CECI),posted,2026-08-15T02:44:21.742824,1460
b04d7af88a46fff3,https://www.jobsnepal.com/intern-143692,INTERN,Dryice Solutions Pvt. Ltd,posted,2026-08-15T02:44:44.089648,1462
21440e965ced4588,https://www.jobsnepal.com/project-coordinator-admin-finance-and-logistics-officer-143691,"Project Coordinator & Admin, Finance and Logistics Officer",Disabled Women Society,posted,2026-08-15T02:45:06.631290,1463
ef39dd4a100a4956,https://www.jobsnepal.com/parasatavana-pasa-garana-samabnathha-sacana-143690,प्रस्तावना पेस गर्ने सम्बन्धी सुचना,Hurendec - Udayapur,posted,2026-08-15T02:45:11.943507,1463
49a8f6694c0f2059,https://www.jobsnepal.com/request-for-quotation-rfq-for-the-supply-equipment-and-installation-of-the-smart-multi-hazards-siren-in-area-of-madesh-and-sudurpaschim-province-143689,Request for Quotation (RFQ) for the Supply equipment and installation of the Smart Multi hazards Siren in area of Madesh and Sudurpaschim Province,Mercy Corps,posted,2026-08-15T02:45:34.756402,1465
6ef43f3004bec856,https://www.jobsnepal.com/driver-143688,DRIVER,World Vision International Nepal,posted,2026-08-15T02:45:49.783431,136
97b266a9831221c0,https://www.jobsnepal.com/terms-of-reference-tor-for-dairy-business-development-consultant-143687,Terms of Reference (ToR) for Dairy Business Development Consultant,Heifer Project Nepal,posted,2026-08-15T02:46:14.271282,1467
7bdcb3707aadda11,https://www.jobsnepal.com/various-positions-143686,Various Positions,Save The Earth Foundation International,posted,2026-08-15T02:46:27.030170,259
b4ba13b3f0d502fc,https://www.jobsnepal.com/blpatara-vehicle-143685,बोलपत्र Vehicle,SOS Children's Villages Nepal,posted,2026-08-15T02:46:44.261769,1469
da8906d3bcf32220,https://www.jobsnepal.com/terms-of-reference-tor-for-consultancy-service-for-video-and-photo-documentation-for-rain-programme-143684,Terms of Reference (ToR) for Consultancy Service for video and photo documentation for RAIN Programme,People in Need,posted,2026-08-15T02:47:08.843618,1471
92eee6ba53d535fa,https://www.jobsnepal.com/project-coordinator-finance-officer-143683,Project Coordinator & Finance Officer,Social Protection Civil Society Network,posted,2026-08-15T02:47:30.929971,1473
c178b4cfcda0cec3,https://www.jobsnepal.com/request-for-proposal-143682,Request for Proposal,Community Development Centre (CDC),posted,2026-08-15T02:47:58.027421,1475
83ce449a06b1e508,https://www.jobsnepal.com/quotation-of-server-hosting-service-143681,Quotation of Server Hosting Service,Youth Innovation Lab,posted,2026-08-15T02:48:21.983644,1477
f45fb7e5267dc023,https://www.jobsnepal.com/call-for-bid-for-installation-testing-and-commissioning-of-multi-hazard-siren-system-143679,"Call for Bid for Installation, Testing and Commissioning of Multi-Hazard Siren System",LI-BIRD,posted,2026-08-15T02:48:36.761463,1053
dcb898f2a8e61988,https://www.jobsnepal.com/consultant-baseline-study-uplift-youth-upliftment-through-learning-innovation-future-readiness-and-technical-transformation-143678,"Consultant- Baseline Study UPLIFT – Youth Upliftment through Learning, Innovation, Future-readiness and Technical Transformation",Save the Children,posted,2026-08-15T02:49:00.616188,1479
f62df2888966bb54,https://www.jobsnepal.com/drr-humanitarian-assistance-ha-system-strengthening-consultant-143677,DRR & Humanitarian Assistance (HA) System Strengthening Consultant,Lutheran World Relief,posted,2026-08-15T02:49:23.302507,1481
da4397dea0495eac,https://www.jobsnepal.com/invitation-for-sealed-quotations-consultancy-services-for-policy-development-and-planning-143676,Invitation for Sealed Quotations - Consultancy Services for Policy Development and Planning,Community Development & Advocacy Forum Nepal,posted,2026-08-15T02:49:44.955338,1483
058fc62085e5d094,https://www.jobsnepal.com/aapatakarata-tatha-sapalii-samabnathha-sacakata-hana-sacana-143675,आपुतिकर्ता तथा सप्लाई सम्बन्धि सुचीकृत हुने सूचना,Rastriya Rojgar Prawardhan Kendra RRPK,posted,2026-08-15T02:49:48.285495,1483
27ae0914b185d29e,https://www.jobsnepal.com/expression-of-interest-eoi-consultanttrainer-for-facilitation-of-2-days-workshop-on-creation-of-most-significant-change-stories-of-transformation-143674,Expression of Interest (EOI): Consultant/Trainer for facilitation of 2-days workshop on creation of Most Significant Change Stories of Transformation,Rural Development Centre Nepal,posted,2026-08-15T02:50:15.174484,1485
932f17ffc488edad,https://www.jobsnepal.com/information-technology-officer-143673,Information Technology Officer,Helen Keller Intl Nepal,posted,2026-08-15T02:50:39.858186,1486
6b0d5b0b4e9e1853,https://www.jobsnepal.com/terms-of-reference-tor-for-the-organizational-sustainability-planning-workshop-143672,Terms of Reference (ToR) for The Organizational Sustainability Planning Workshop,"Jalpa Integrated Development Society(JIDS), Udayapur",posted,2026-08-15T02:51:04.904350,1488
1875e0835234c31f,https://www.jobsnepal.com/program-intern-143670,Program Intern,e Education,posted,2026-08-15T02:51:27.155361,1490
f3ac6e023f173395,https://www.jobsnepal.com/project-officer-143669,Project Officer,SAHAS Nepal,posted,2026-08-15T02:51:50.751930,1492
33a45cf53723d5c2,https://www.jobsnepal.com/falda-saparabhaijara-field-supervisor-samathayaka-paracalka-community-mobilizer-143668,फिल्ड सुपरभाइजर (Field Supervisor) & सामुदायिक परिचालक (Community Mobilizer),RUDAS Nepal Rolpa,posted,2026-08-15T02:52:07.734955,1494
9364efa82c5bb2d9,https://www.jobsnepal.com/terms-of-reference-tor-for-final-evaluation-of-womens-entrepreneurship-development-in-non-traditional-sectors-in-dadeldhura-and-kailali-districts-143667,Terms of Reference (ToR) for Final Evaluation of Women’s entrepreneurship development in non-traditional sectors in Dadeldhura and Kailali districts,FCA,posted,2026-08-15T02:52:31.508857,1496
f32da558af063512,https://www.jobsnepal.com/accounts-and-administration-officer-143666,Accounts and Administration Officer,Muskan order and Suppliers(P)LTD,posted,2026-08-15T02:52:54.292847,1498
7d607697d50c456f,https://www.jobsnepal.com/vice-principal-academic-affairs-143665,Vice Principal - Academic Affairs,Kopila Valley School Pvt Ltd,posted,2026-08-15T02:53:19.298974,1500
69250b887e3f9f38,https://www.jobsnepal.com/digital-marketing-sales-executive-construction-chemicals-female-143720,Digital Marketing & Sales Executive – Construction Chemicals (Female),Himalayan Engineering Associates Pvt. Ltd.,posted,2026-08-17T02:47:31.645817,1501
3a083edc4c7b63ef,https://www.jobsnepal.com/operations-head-143719,OPERATIONS HEAD,Extratech Education Foundaton Nepal Pvt.Ltd.,posted,2026-08-17T02:47:52.398118,1502
4693af03bea90c93,https://www.jobsnepal.com/expression-of-interest-eoi-for-statutory-audit-fy-208283-143718,Expression of Interest (EOI) for Statutory Audit FY 2082/83,"Peace Society Centre(PESOC) Nepal, Udayapur",posted,2026-08-17T02:48:16.656217,1504
7687e76d7f0c13c0,https://www.jobsnepal.com/shalbnatha-tharabhau-aahavanaka-lga-sacana-143717,शिलबन्दी दरभाउ आह्वानका लागि सूचना,Relief Nepal,posted,2026-08-17T02:48:19.910259,1504
9912bad22c6daf43,https://www.jobsnepal.com/notice-for-submission-of-annual-quotation-143716,NOTICE FOR SUBMISSION OF ANNUAL QUOTATION,SAMABIKAS Nepal,posted,2026-08-17T02:48:46.174366,1506
5f884a7016a0a5fd,https://www.jobsnepal.com/monitoring-and-evaluation-officer-partial-143715,Monitoring and Evaluation Officer (Partial),Pro Public,posted,2026-08-17T02:49:09.052101,1507
035d590831f0538c,https://www.jobsnepal.com/province-manager-accountant-143714,Province Manager & Accountant,National Federation of the Disabled Nepal,posted,2026-08-17T02:49:34.023064,1509
17fa73606891327b,https://www.jobsnepal.com/karamacara-aavashayakata-samabnathha-sacana-143713,कर्मचारी आवश्यकता सम्बन्धी सूचना,Rural Economic Development Association,posted,2026-08-17T02:49:37.239141,1509
a6d380c361ea3a35,https://www.jobsnepal.com/shalbnatha-tharabhau-katashana-aahavana-samabnathha-sacana-143710,शिलबन्दी दरभाउ (कोटेशन) आह्वान सम्बन्धि सूचना,NNSWA,posted,2026-08-17T02:49:43.688890,1509
7c439c595367c222,https://www.jobsnepal.com/karayakarama-sayajaka-program-coordinator-143743,कार्यक्रम संयोजक (Program Coordinator),Sahakarmi Samaj,posted,2026-08-19T02:44:34.570390,1430
2183df34c4d6256d,https://www.jobsnepal.com/request-for-sealed-quotation-supply-delivery-installation-and-commissioning-of-machinery-and-equipments-items-and-construction-materials-at-pokhara-metropolitan-city-143742,"Request for Sealed Quotation: Supply, Delivery, Installation and Commissioning of Machinery and Equipment's Items, and Construction Materials at Pokhara Metropolitan City",CLEAN UP NEPAL,posted,2026-08-19T02:44:58.086993,1511
530c5df898a4aea2,https://www.jobsnepal.com/tor-for-a-consultant-organization-to-study-project-sustainability-and-develop-action-plan-143740,TOR for a Consultant/ Organization to Study Project Sustainability and Develop Action Plan,Lahan Eye & Ear Care System,posted,2026-08-19T02:45:20.499138,1513
d3c029e901d039ce,https://www.jobsnepal.com/expression-of-interest-eoi-for-statutory-audit-143739,Expression of Interest (EOI) for Statutory Audit,Aasaman Nepal,posted,2026-08-19T02:45:43.031171,1515
468a2429ad6acc91,https://www.jobsnepal.com/safeguarding-technical-consultant-143738,Safeguarding Technical Consultant,Hamro Palo,posted,2026-08-19T02:46:05.250468,1517
10e452886553e620,https://www.jobsnepal.com/digital-marketing-training-social-media-marketing-and-content-creation-143737,Digital Marketing Training: Social Media Marketing and Content Creation,Robotics Association of Nepal,posted,2026-08-19T02:46:26.397800,1518
d947b780a216637e,https://www.jobsnepal.com/resource-mobilization-coordinator-re-advertisement-143736,Resource Mobilization Coordinator (Re-Advertisement),Terre des hommes Foundation (Tdh),posted,2026-08-19T02:46:49.278873,1519
8724640cbae54773,https://www.jobsnepal.com/admin-and-finance-officer-143735,Admin and Finance Officer,ETSC Nepal,posted,2026-08-19T02:47:10.834728,1521
1b4a0314b24cdd66,https://www.jobsnepal.com/accountant-143734,Accountant,Protection Nepal,posted,2026-08-19T02:47:33.968553,1523
6896371db4f039db,https://www.jobsnepal.com/tharabhaupatara-aahavana-samabnathha-sacana-143733,दरभाउपत्र आह्वान सम्बन्धि सुचना,"Jalpa Integrated Development Society(JIDS), Udayapur",posted,2026-08-19T02:47:36.962264,1523
040de7dfdbe3d9ca,https://www.jobsnepal.com/terms-of-reference-tor-for-pyschosocial-counsellor-143732,Terms of Reference (ToR) for Pyschosocial Counsellor,Center for Dalit Women Nepal,posted,2026-08-19T02:47:59.258114,1525
8c89b731c8b4b876,https://www.jobsnepal.com/request-for-proposal-143731,REQUEST FOR PROPOSAL,Save the Children,posted,2026-08-19T02:48:10.812082,894
62303f6467cd1411,https://www.jobsnepal.com/rfq-for-supply-and-delivery-of-interactive-smart-boards-143730,RFQ: FOR SUPPLY AND DELIVERY OF INTERACTIVE SMART BOARDS,World Vision International Nepal,posted,2026-08-19T02:48:33.715966,1527
202186852c03fcd8,https://www.jobsnepal.com/vacancy-announcement-for-internal-audit-officer-143729,Vacancy Announcement for Internal Audit Officer,CARE Nepal,posted,2026-08-19T02:48:56.191454,1529
714d507ef6b43c68,https://www.jobsnepal.com/shalbnatha-blpatara-aahavana-samabnathha-sacana-143728,शिलबन्दी बोलपत्र आह्वान सम्बन्धी सूचना,Forum for Rural Welfare and Agricultural Reform for Development (FORWARD) Nepal,posted,2026-08-19T02:49:01.342686,1529
d36c483a03a10701,https://www.jobsnepal.com/request-for-proposal-external-evaluatorsconsulting-firms-143727,REQUEST FOR PROPOSAL - “External Evaluators/Consulting Firms”,Street Child of Nepal,posted,2026-08-19T02:49:24.641552,1531
1d6bb3470211ec4c,https://www.jobsnepal.com/request-for-proposals-rfps-consultancy-for-child-status-report-of-natuwa-and-pathharkot-communities-in-lumbini-province-143726,Request for Proposals (RFPs) - Consultancy for Child Status Report of Natuwa and Pathharkot communities in Lumbini Province,Peace Nepal,posted,2026-08-19T02:49:44.444862,1533
5f977fe7be0900de,https://www.jobsnepal.com/seo-specialist-143725,SEO Specialist,Truckit.net Pty Ltd,posted,2026-08-19T02:50:09.012151,1535
3cab3ba16670319b,https://www.jobsnepal.com/ljasataka-afasara-logistics-officer-143724,लजिस्टिक अफिसर (Logistics Officer),Community Development Society (CDS),posted,2026-08-19T02:50:20.778934,1537
d5ad4cfca5d4c882,https://www.jobsnepal.com/sacakata-hana-samabnathha-sacana-143723,सूचीकृत हुने सम्बन्धी सूचना,Community Development Society (CDS),posted,2026-08-19T02:50:23.885169,1537
475e829037bdf19c,https://www.jobsnepal.com/expression-of-interest-eoi-143722,EXPRESSION OF INTEREST (EOI),Bikabhu Contruction Pvt Ltd,posted,2026-08-19T02:50:35.805890,299
2ab9468e784cdc17,https://www.jobsnepal.com/request-for-quatation-143721,Request For Quatation,Manavsewa Ashram,posted,2026-08-19T02:51:00.236712,1539
526b67c1d5872c8d,https://www.jobsnepal.com/call-for-proposal-conduct-climate-change-impact-vulnerability-and-risk-assessment-and-identify-priority-adaptation-options-for-btr2-143781,"Call for proposal: Conduct Climate Change Impact, Vulnerability and Risk Assessment and Identify Priority Adaptation Options for BTR2",WWF Nepal,posted,2026-08-21T02:50:15.582692,1541
a2ca70e48801a445,https://www.jobsnepal.com/call-for-proposal-conduct-7-provincial-trainings-on-climate-transparency-mrv-and-the-etf-mechanism-143780,"Call for proposal: Conduct 7 Provincial Trainings on Climate Transparency, MRV and the ETF Mechanism",WWF Nepal,posted,2026-08-21T02:50:37.454393,1543
1b207b3ac8859631,https://www.jobsnepal.com/call-for-proposal-update-ministry-of-finance-dfims-and-development-of-an-integrated-development-cooperation-portal-idcp-143779,Call for proposal: Update Ministry of Finance DFIMS and Development of an Integrated Development Cooperation Portal (IDCP),WWF Nepal,posted,2026-08-21T02:50:56.544648,1545
b26c95d86326de45,https://www.jobsnepal.com/call-for-proposal-documentation-of-ghg-inventory-data-for-nepals-second-biennial-transparency-report-btr2-143778,Call for proposal: Documentation of GHG Inventory Data for Nepal’s Second Biennial Transparency Report (BTR2),WWF Nepal,posted,2026-08-21T02:51:16.410699,1547
7c786caf4f6dd010,https://www.jobsnepal.com/talma-sahajakaranaeka-lga-katashana-aahavana-143777,तालिम सहजीकरणका लागि कोटेशन आह्वान,Bagmati Welfare Society Nepal(BWSN),posted,2026-08-21T02:51:22.297667,1547
0fbc5bee0e66a4d2,https://www.jobsnepal.com/tender-notice-143776,TENDER NOTICE,UMN Medical and Development Trust,posted,2026-08-21T02:51:43.207394,1549
7937be19e0d027f5,https://www.jobsnepal.com/faramaparashakashhakasahajakarataparamarashathata-rasatarama-sacakata-hanaka-lga-aavathana-aahavana-143775,फर्म/प्रशिक्षक/सहजकर्ता/परामर्शदाता रोस्टरमा सूचीकृत हुनका लागि आवेदन आह्वान,Mukti Nepal,posted,2026-08-21T02:51:46.297436,1549
a7022e88aa39e68b,https://www.jobsnepal.com/program-coordinator-143774,Program Coordinator,Lutheran World Federation,posted,2026-08-21T02:51:57.545096,1430
1a62e60e09a057c4,https://www.jobsnepal.com/call-for-applications-143773,Call for Applications,Nepal Applied Mathematics and Informatics Institute for Research,posted,2026-08-21T02:52:21.180672,1551
f55a23270e5a9f50,https://www.jobsnepal.com/assets-auction-notice-143772,ASSETS AUCTION NOTICE,Street Child of Nepal,posted,2026-08-21T02:52:45.602184,1553
1c7e5f1000776878,https://www.jobsnepal.com/terms-of-reference-to-conduct-feasibility-study-for-the-project-proposal-143770,Terms of Reference To conduct Feasibility Study for the project proposal,Welthungerhilfe,posted,2026-08-21T02:53:09.931625,1555
2cb2122f007d28f0,https://www.jobsnepal.com/program-coordinator-143769,Program Coordinator,Youth Innovation Lab,posted,2026-08-21T02:53:36.654579,1557
32cd8efaee1a6595,https://www.jobsnepal.com/accountant-assistant-143768,Accountant Assistant,SAMABIKAS Nepal,posted,2026-08-21T02:54:01.210344,1559
f6869d30d3e8e0f5,https://www.jobsnepal.com/sales-officer-143767,Sales Officer,SIDDHARTHA CABLE CAR LIMITED,posted,2026-08-21T02:54:26.919842,1561
80d83d7ece3ddbf2,https://www.jobsnepal.com/administrative-chief-143766,Administrative Chief,SIDDHARTHA CABLE CAR LIMITED,posted,2026-08-21T02:54:53.113276,1563
010caf8510d80a43,https://www.jobsnepal.com/expression-of-interest-eoi-for-statutory-audit-fy-208283-143765,Expression of Interest (EOI) for Statutory Audit FY 2082/83,Bal Sewa Samaj,posted,2026-08-21T02:55:24.459270,1565
b7180fe7e8dae600,https://www.jobsnepal.com/pediatrician-few-143764,Pediatrician - Few,Siddhi M. Foundation / Siddhi M. Hospital,posted,2026-08-21T02:55:45.833830,1566
154891a9e6aacf7e,https://www.jobsnepal.com/pharmacy-assistant-143763,Pharmacy Assistant,Medical Service Management Trust Nepal,posted,2026-08-21T02:56:07.247609,1568
c67e4adbfd49816a,https://www.jobsnepal.com/shalbnatha-katashana-aahavana-garaeka-samabnathhama-request-for-sealed-quotation-143762,शिलबन्दी कोटेशन आह्वान गरिएको सम्बन्धमा {REQUEST FOR SEALED QUOTATION},Sindhuli Integrated Development Services Nepal (SIDS Nepal),posted,2026-08-21T02:56:22.466756,1569
5a6325140761ff8a,https://www.jobsnepal.com/residence-incharge-childrens-home-preferred-female-only-143761,Residence Incharge-Children’s Home (Preferred Female Only),Kopila Valley Sewa Samaj,posted,2026-08-21T02:56:48.495119,1571
9e55748dac1df521,https://www.jobsnepal.com/terms-of-reference-tor-for-consultancy-to-develop-and-adapt-a-community-based-healthy-transition-curriculum-htc-adolescent-focused-sbc-approach-and-materials-143760,Terms of Reference (ToR) for Consultancy to develop and adapt a community-based Healthy Transition Curriculum (HTC) - adolescent-focused SBC approach and materials,Save the Children,posted,2026-08-21T02:57:12.117906,1573
be0057b9712d0adf,https://www.jobsnepal.com/seven-district-managers-143759,Seven District Managers,Reaek,posted,2026-08-21T02:57:31.147546,1574
7fb531af967577e3,https://www.jobsnepal.com/naramanae-samagara-kharathaka-lga-salbnatha-tharabhaupatara-aahavanaka-sacana-143758,निर्माण सामग्री खरिदका लागि सिलबन्दी दरभाउपत्र आह्वानको सूचना,PeaceWin Nepal,posted,2026-08-21T02:57:34.636270,1574
51edb2cd222e02fe,https://www.jobsnepal.com/invitation-for-tender-supply-delivery-of-laptops-desktop-monitor-projector-dslr-camera-printer-and-other-computer-related-items-for-fy-2083-84-143757,"Invitation for Tender: Supply & Delivery of Laptops, Desktop, Monitor, Projector, DSLR Camera, Printer and other computer-related items for FY 2083-84",International Nepal Fellowship (Nepal),posted,2026-08-21T02:57:58.285295,1576
1a3edd26321921ee,https://www.jobsnepal.com/terms-of-reference-tor-for-1-conducting-a-bagmati-river-basin-level-simulation-exercise-2-update-the-existing-plans-and-sops-of-the-two-municipalities-143756,Terms of Reference (ToR) for 1) Conducting a Bagmati River Basin-Level Simulation Exercise 2) Update the existing Plans and SOPs of the two municipalities,Institute of Himalayan Risk Reduction,posted,2026-08-21T02:58:22.648649,1578
74b99fad6107e7e1,https://www.jobsnepal.com/call-for-proposal-community-led-conservation-of-wetlands-and-migratory-birds-in-narayani-nepal-final-evaluation-143755,"Call for proposal- Community-led conservation of wetlands and migratory birds in Narayani, Nepal - Final Evaluation",WWF Nepal,posted,2026-08-21T02:58:45.769370,1580
86e6a5a4a090ca4b,https://www.jobsnepal.com/terms-of-reference-tor-for-child-profile-development-for-rautmai-rm-of-udayapur-143754,Terms of Reference (ToR) for Child Profile Development for Rautmai RM of Udayapur,"Jalpa Integrated Development Society(JIDS), Udayapur",posted,2026-08-21T02:59:09.192459,1582
6a2064b92dd0ef5f,https://www.jobsnepal.com/account-and-admin-officer-143753,Account and Admin Officer,Aatmiya,posted,2026-08-21T02:59:32.378770,1584
3bfeca696fb969a9,https://www.jobsnepal.com/construction-coordinator-143752,Construction Coordinator,UWS Nepal,posted,2026-08-21T02:59:57.288398,1586
7a165ac7ebb9a2c3,https://www.jobsnepal.com/construction-officer-143751,Construction Officer,UWS Nepal,posted,2026-08-21T03:00:24.438616,1588
6bbf346df4322684,https://www.jobsnepal.com/tathayaka-sakalka-data-enumerator-143750,तथ्यांक संकलक (Data Enumerator),Dhading Chamber of Commerce & Industry,posted,2026-08-21T03:00:37.723506,1589
5ca1e1a2fc941a3a,https://www.jobsnepal.com/expression-of-interest-eoi-for-independent-audit-services-143749,EXPRESSION OF INTEREST (EOI) For Independent Audit Services,Shangri-La Orphanage Home,posted,2026-08-21T03:00:50.245415,1231
1e613c2ba6150a99,https://www.jobsnepal.com/pedagogical-resource-person-143748,Pedagogical Resource Person,Community Development & Advocacy Forum Nepal,posted,2026-08-21T03:01:15.877376,1591
1b4e19244de604f6,https://www.jobsnepal.com/expression-of-interest-eoi-call-for-media-and-research-fellowship-143747,Expression of Interest (EOI) Call for Media and Research Fellowship,Nepal Disabled Women Association,posted,2026-08-21T03:01:44.681037,1593
59c1eb59b1c2f5e7,https://www.jobsnepal.com/parasatavana-aahavana-samabnathha-sacana-143746,प्रस्तावना आह्वान सम्बन्धी सूचना,KIRDARC Nepal,posted,2026-08-21T03:01:47.804401,1593
ba898d8952650b76,https://www.jobsnepal.com/physiotherapist-part-time-143745,Physiotherapist (Part-time),SOS Children's Village Jorpati,posted,2026-08-21T03:02:10.869644,1594
fb1e3cec00d1a698,https://www.jobsnepal.com/online-sales-manager-143744,Online Sales Manager,Sinolink Supply,posted,2026-08-21T03:02:30.505926,1595
c6f4daa5aa7b0ee3,https://www.jobsnepal.com/admin-finance-officer-program-officer-143741,Admin & Finance Officer & Program Officer,Women Forum for Women in Nepal,posted,2026-08-21T03:02:54.863938,1597
4345a935ef402e12,https://www.jobsnepal.com/request-for-proposals-rfps-consultancy-for-child-status-report-of-natuwa-and-pattharkatta-communities-in-lumbini-province-143726,Request for Proposals (RFPs) - Consultancy for Child Status Report of Natuwa and Pattharkatta communities in Lumbini Province,Peace Nepal,posted,2026-08-21T03:03:16.764333,1599
076452f7692c6d64,https://www.jobsnepal.com/vacancy-finance-officer-143806,Vacancy - Finance Officer,Community Self Reliance Centre (CSRC),posted,2026-08-23T02:50:43.964049,1601
283bc4393acf8c07,https://www.jobsnepal.com/expression-of-interest-eoi-notice-consultancy-for-hydrogeological-assessment-and-rainwater-harvesting-systems-143805,EXPRESSION OF INTEREST (EOI) NOTICE -Consultancy for Hydrogeological Assessment and Rainwater Harvesting Systems,SabalNepal,posted,2026-08-23T02:51:08.481755,1603
dfc2870ff257fa81,https://www.jobsnepal.com/call-for-expression-of-interest-eoi-for-consultancy-services-143804,Call for Expression of Interest (EOI) for Consultancy Services,FIAN Nepal,posted,2026-08-23T02:51:46.412014,1605
e8a26c58be91bc60,https://www.jobsnepal.com/shalbnatha-katashana-aahavanaka-sacana-143803,शिलबन्दी कोटेशन आह्वानको सूचना,Rural Development Centre Nepal,posted,2026-08-23T02:51:55.168254,1605
a10558d2a41cb816,https://www.jobsnepal.com/project-coordinator-143802,Project Coordinator,Women's Rehabilitation Centre (WOREC),posted,2026-08-23T02:52:19.587357,1607
2545217932b01d81,https://www.jobsnepal.com/request-for-proposals-rfps-143801,Request for Proposals (RFPs),Peace Nepal,posted,2026-08-23T02:52:43.661296,1609
c8d3d2ddc545f952,https://www.jobsnepal.com/request-for-quotation-rfq-143800,REQUEST FOR QUOTATION (RFQ),CIMMYT International,posted,2026-08-23T02:52:56.579721,287
46671a19bee0b62e,https://www.jobsnepal.com/technical-expert-private-sector-engagement-and-enterprise-development-143799,Technical Expert: Private Sector Engagement and Enterprise Development,Welthungerhilfe,posted,2026-08-23T02:54:01.320248,1611
88486f305e3de47c,https://www.jobsnepal.com/request-for-proposal-consultancy-for-social-media-initiative-content-creation-digital-campaign-management-and-engagement-consultancy-firm-143798,"REQUEST FOR PROPOSAL - Consultancy for Social Media Initiative, Content Creation, Digital Campaign Management and Engagement Consultancy (Firm)",VSO Nepal,posted,2026-08-23T02:54:26.852769,1613
91cf05b335c555da,https://www.jobsnepal.com/request-for-proposal-rfp-consultancy-service-for-social-audit-2082-2083-143797,Request for Proposal (RFP): Consultancy Service for Social Audit 2082-2083,Dalit Society Welfare Committee Nepal,posted,2026-08-23T02:54:49.313973,1615
619db4178f8c8cf6,https://www.jobsnepal.com/naramanae-samagara-kharatha-samabnathha-saravajanaka-katashana-aahavanaka-pana-sacana-143795,निर्माण सामग्री खरिद सम्बन्धि सार्वजनिक कोटेशन आह्वानको पुन: सुचना,"Save the Saptari, Rajbiraj",posted,2026-08-23T02:54:52.663316,1615
41c83b768b68d6ee,https://www.jobsnepal.com/blpatara-aahavana-samabnathha-sacana-143794,बोलपत्र आह्वान सम्बन्धी सूचना,SOS Children's Villages Nepal,posted,2026-08-23T02:54:59.233603,1615
77f4f5405fc8a81e,https://www.jobsnepal.com/salvanatha-blpatara-aahavanaka-sacana-143793,सिलवन्दी बोलपत्र आह्वानको सूचना,"System Development Service Centre (SDSC), Gorkha, Nepal",posted,2026-08-23T02:55:03.866198,1615
4ffb70e709ae5d66,https://www.jobsnepal.com/health-system-and-community-empowerment-specialist-143792,Health System and Community Empowerment Specialist,FAIRMED Foundation Nepal,flagged|no_apply_contact,2026-08-23T02:55:07.678951,
38231bd1fdda9e1b,https://www.jobsnepal.com/technical-expert-climate-resilience-and-financing-143791,Technical Expert: Climate Resilience and Financing,Welthungerhilfe,posted,2026-08-23T02:55:31.048714,1617
451b1f340a1b9b6f,https://www.jobsnepal.com/salbnatha-tharabhaupatara-aahavana-samabnathha-sacana-143790,सिलबन्दी दरभाउपत्र आह्वान सम्बन्धी सूचना,PACE-Nepal,posted,2026-08-23T02:55:34.246335,1617
8d93f929d93cbef7,https://www.jobsnepal.com/matarasaikal-ra-pakaka-tanal-pal-hausa-naramanae-samagara-ra-mabil-lirabrara-jhal-kharatha-samabnathha-sacana-143789,मोटरसाइकल र पक्की टनेल (पोली हाउस) निर्माण सामग्री र मोबाइल लाइर्ब्रेरी झोला खरिद सम्बन्धी सूचना,SOSEC Nepal,posted,2026-08-23T02:55:37.569733,1617
228c8edd43538b57,https://www.jobsnepal.com/marketing-officer-143788,Marketing Officer,ACON TRAVEL AND TOURS PVT.LTD,posted,2026-08-23T02:56:00.126706,1619
2160b707d67a66e1,https://www.jobsnepal.com/expression-of-interest-selection-of-beneficiary-honey-enterprises-processors-exporters-and-traders-gmap-nepal-143787,"""Expression of Interest : Selection of Beneficiary Honey Enterprises (Processors, Exporters and Traders) - GMAP Nepal",UNIDO,posted,2026-08-23T02:56:23.033796,1620
1b40f992b61ce306,https://www.jobsnepal.com/field-coordinator-health-and-nutrition-supply-chain-officer-143786,Field Coordinator (Health and Nutrition) & Supply Chain Officer,Rural Women Upliftment Association (RWUA),posted,2026-08-23T02:56:46.118224,1622
8c6ea322dd12ffd7,https://www.jobsnepal.com/various-positions-143785,Various Positions,International Nepal Fellowship (Nepal),posted,2026-08-23T02:57:00.730440,259
d2c698a49e9d921c,https://www.jobsnepal.com/request-for-proposal-143784,REQUEST FOR PROPOSAL,Save the Children,posted,2026-08-23T02:57:21.183066,1624
08992ca2efe6f9c3,https://www.jobsnepal.com/falda-sayajaka-savasathaya-field-coordinator-health-143783,फिल्ड संयोजक-स्वास्थ्य (Field Coordinator-Health),Ratauli Yuwa Club (RYC),flagged|no_apply_contact,2026-08-23T02:57:25.097751,
af79342be9fca86c,https://www.jobsnepal.com/parayajana-sayajaka-kashha-paravathhaka-143782,परियोजना संयोजक & कृषि प्राविधिक,"ENPRED, Nepal",posted,2026-08-23T02:57:28.844053,1624
ee53b869b153ca36,https://www.jobsnepal.com/consultancy-for-an-improved-cookstove-expert-143771,Consultancy for an Improved Cookstove Expert,Save the Children,posted,2026-08-23T02:57:54.199688,1626
015f60a1cd340f4b,https://www.jobsnepal.com/request-for-proposal-to-develop-and-adapt-a-community-based-healthy-transition-curriculum-htc-adolescent-focused-sbc-approach-and-materials-143760,Request for Proposal to develop and adapt a community-based Healthy Transition Curriculum (HTC) - adolescent-focused SBC approach and materials,Save the Children,posted,2026-08-23T02:58:17.686634,1628
ca90e9520ef6d332,https://www.jobsnepal.com/district-managers-143759,District Managers,Reaek,posted,2026-08-23T02:58:38.915454,1629
5a355eb6a65b8abc,https://www.jobsnepal.com/sales-specialist-143832,Sales Specialist,Arukubossystems LLC,posted,2026-08-25T02:45:49.662965,1631
88a5320d5350d4d6,https://www.jobsnepal.com/business-development-specialist-143831,Business Development Specialist,Arukubossystems LLC,posted,2026-08-25T02:46:58.868306,1633
abc79811db89dcc9,https://www.jobsnepal.com/request-for-proposal-to-conduct-evaluation-of-umn-scrip-project-143830,Request for Proposal to Conduct Evaluation of UMN Scrip Project,United Mission to Nepal,posted,2026-08-25T02:47:24.372486,1635
ec725e28b3e702bf,https://www.jobsnepal.com/various-positions-143829,Various Positions,Rural Development Centre Nepal,posted,2026-08-25T02:47:39.643514,259
9ca00d2d60e13c11,https://www.jobsnepal.com/program-manager-consultant-143828,Program Manager (Consultant),Nepal Peacebuilding Initiative,posted,2026-08-25T02:48:04.124928,1637
9de92fd75aab498c,https://www.jobsnepal.com/admin-and-finance-143827,Admin and Finance,Debate Network Nepal,flagged|no_apply_contact,2026-08-25T02:48:08.303235,
5e6090a2d708cf12,https://www.jobsnepal.com/software-procurement-and-support-consultancy-for-hrims-143826,Software Procurement and Support Consultancy for HRIMS,Oxfam in Nepal,posted,2026-08-25T02:48:29.803852,1639
11a89dfc0238fe79,https://www.jobsnepal.com/various-positions-143825,Various Positions,Yangri Academic Center,posted,2026-08-25T02:48:42.874858,259
302486f19d5751b6,https://www.jobsnepal.com/shalbnatha-blpatara-aahavana-143824,शिलबन्दी बोलपत्र आह्वान,"Hilly Region Development Campaign (HRDC), Jajarkot",posted,2026-08-25T02:48:46.890109,1639
210e0e5992e5e720,https://www.jobsnepal.com/request-for-quotation-143823,REQUEST FOR QUOTATION,Consortium of Organizations Working for Child Participation,posted,2026-08-25T02:48:59.346063,133
e4fc6d236287f191,https://www.jobsnepal.com/request-for-quotation-143822,Request for Quotation,Rural Community Development Center (RCDC) Besishahar,posted,2026-08-25T02:49:11.876458,133
e6af1791d3c2376e,https://www.jobsnepal.com/dairy-business-development-consultant-re-publish-143821,Dairy Business Development Consultant (Re-Publish),Heifer Project Nepal,posted,2026-08-25T02:49:36.996110,1641
0e1c5774dd2faa52,https://www.jobsnepal.com/blsamathathha-ra-ekakata-vakasaka-lga-hatamal-ipfshield-parayajana-aava-samapana-samabnathhama-143820,बालसमृदधि र एकीकृत विकासका लागि हातेमालो (IPF/SHIELD) परियोजना आ.व २०२५/०२६ समापन सम्बन्धमा ।,Rastriya Rojgar Prawardhan Kendra RRPK,posted,2026-08-25T02:49:51.971969,1643
a511d4b3e91fbe4a,https://www.jobsnepal.com/sacakata-vendor-enlistment-hana-samabnathha-thana-saravajanaka-sacana-143819,सुचिकृत (Vendor Enlistment) हुने सम्बन्धि १० दिने सार्वजनिक सूचना,Apanga Swablamban Sanstha,posted,2026-08-25T02:49:55.238342,1386
29cbe3ccd3bd17fe,https://www.jobsnepal.com/research-assistant-e-ticketing-adoption-study-143818,Research Assistant: E-ticketing Adoption Study,Association for International Solidarity in Asia,posted,2026-08-25T02:50:22.328864,1645
bc001efcee4390d4,https://www.jobsnepal.com/request-for-quotation-facilitation-of-social-audits-and-public-hearings-on-wash-and-nutritional-rights-under-the-change-project-143817,Request for Quotation (Facilitation of social audits and public hearings on WASH and nutritional rights under the CHANGE Project),Bagmati Welfare Society Nepal(BWSN),posted,2026-08-25T02:50:50.089777,1647
44c82c40f799b013,https://www.jobsnepal.com/shalbnatha-katashanasealed-quotation-aahavanaka-sacana-143816,शिलबन्दी कोटेशन(Sealed Quotation) आह्वानको सूचना,Rastriya Rojgar Prawardhan Kendra (Rautahat),posted,2026-08-25T02:50:53.302650,1382
3d189a47562d7010,https://www.jobsnepal.com/provincial-coordinator-ranga-project-143815,Provincial Coordinator - RANGA Project,Debate Network Nepal,flagged|no_apply_contact,2026-08-25T02:50:57.502902,
f8c875a4fd4b6e1c,https://www.jobsnepal.com/expression-of-interest-eoi-consultancy-services-for-a-social-audit-of-hatemalo-and-sikai-plus-project-143814,Expression of Interest (EOI): Consultancy Services for a Social Audit of HATEMALO and SIKAI Plus Project,Rural Development Centre Nepal,posted,2026-08-25T02:51:26.515069,1649
34d06fb479c0c877,https://www.jobsnepal.com/invitation-for-sealed-quotations-143813,Invitation for Sealed Quotations,Community Development & Advocacy Forum Nepal,posted,2026-08-25T02:51:50.419504,1651
8fa57cd72207428c,https://www.jobsnepal.com/revit-technician-architectural-bim-technician-143812,Revit Technician / Architectural BIM Technician,Think Leaf (P) Ltd,posted,2026-08-25T02:52:13.913070,1652
f9ec83d4b1f73662,https://www.jobsnepal.com/request-for-quotation-for-the-supply-equipment-and-installation-of-the-smart-multi-hazards-siren-143811,Request for Quotation for the Supply equipment and installation of the Smart Multi hazards Siren,Jan Chetna Abhiyan Nepal,posted,2026-08-25T02:52:45.555704,1654
a7f2dcb11c24297b,https://www.jobsnepal.com/request-for-quotation-for-the-supply-equipment-and-installation-of-an-automatic-weather-station-aws-143810,Request for Quotation for the Supply equipment and installation of an Automatic Weather Station (AWS),Jan Chetna Abhiyan Nepal,posted,2026-08-25T02:53:09.420925,1656
b8253ae2a18bee93,https://www.jobsnepal.com/chief-executive-officer-ceo-143809,Chief Executive Officer (CEO),Agro Enterprise Centre,posted,2026-08-25T02:53:31.706327,1657
c22c7b171f605d37,https://www.jobsnepal.com/project-coordinator-field-assistant-143808,Project Coordinator & Field Assistant,A Reputed Company,posted,2026-08-25T02:53:53.219103,1658
5f091d5dd711b01e,https://www.jobsnepal.com/call-for-expression-of-interest-eoi-143807,CALL FOR EXPRESSION OF INTEREST (EOI),Action Against Hunger | ACTION CONTRE LA FAIM (ACF),posted,2026-08-25T02:54:06.328763,199
c5833aa422bc1d6a,https://www.jobsnepal.com/parasatavana-aahavana-samabnathha-sacana-143894,प्रस्तावना आह्वान सम्बन्धी सूचना,KIRDARC Nepal,posted,2026-08-27T12:01:54.017252,1658
784b0e70cb4494e2,https://www.jobsnepal.com/1-aquaculture-specialist-as-2-aquaculture-field-facilitator-aff-143893,1. Aquaculture Specialist (AS) / 2. Aquaculture Field Facilitator (AFF),Rural Region and Agro-forestry Development Centre (RRAFDC),posted,2026-08-27T12:02:31.836183,1660
4ab0a4d349062182,https://www.jobsnepal.com/terms-of-reference-tor-for-baseline-study-143891,TERMS OF REFERENCE (TOR) FOR BASELINE STUDY,Welthungerhilfe,posted,2026-08-27T12:02:59.897697,1662
0fd82f1c786464b1,https://www.jobsnepal.com/expression-of-interest-eoi-for-group-health-insurance-coverage-143890,Expression of Interest (EOI) for Group Health Insurance Coverage,Centre for Mental Health & Counselling Nepal,posted,2026-08-27T12:03:29.016008,1664
91c7391cb438ff61,https://www.jobsnepal.com/request-for-proposal-rfp-143889,Request for Proposal (RFP),Nepal Voters Rights Forum,posted,2026-08-27T12:04:07.503015,1665
f398ce6d64f9f18c,https://www.jobsnepal.com/enterprise-development-officer-143888,Enterprise Development Officer,Samriddha Pahad,posted,2026-08-27T12:04:21.281148,341
965ce2a762f4c2ad,https://www.jobsnepal.com/call-for-expression-of-interest-eoi-for-development-and-maintenance-of-pilot-digital-mental-health-solution-143887,Call for Expression of Interest (EOI) for Development and Maintenance of Pilot Digital Mental Health Solution,TPO Nepal,posted,2026-08-27T12:05:06.939999,1666
a7b0c22be7b7c56a,https://www.jobsnepal.com/expression-of-interest-eoi-consultanttrainer-for-consultancy-services-to-design-and-facilitate-sexual-and-reproductive-health-and-rights-training-143886,Expression of Interest (EOI) - Consultant/Trainer for Consultancy Services to Design and Facilitate Sexual and Reproductive Health and Rights Training,Rural Development Centre Nepal,posted,2026-08-27T12:05:40.852551,1668
58be1905db0b8fb5,https://www.jobsnepal.com/tanadara-blpatara-aahavana-garaeka-sacana-143885,टेन्डर बोलपत्र आह्वान गरिएको सूचना,National Farmers Group Federation Nepal (NFGF Nepal),posted,2026-08-27T12:05:44.183403,1668
09cb14ecc99751af,https://www.jobsnepal.com/call-for-private-sector-engagement-specialist-143884,Call for Private Sector Engagement Specialist,ANSAB Nepal,posted,2026-08-27T12:06:11.500298,1670
410791ba746f7ed5,https://www.jobsnepal.com/program-coordinator-143883,Program Coordinator,Nepal Health Economics Association,posted,2026-08-27T12:06:37.503236,1672
96a0bd18ba6662d0,https://www.jobsnepal.com/finance-manager-143882,Finance Manager,ADRA Nepal,posted,2026-08-27T12:06:54.397937,936
fd583d5cd8438c5e,https://www.jobsnepal.com/shalbnatha-katashana-aahavanaka-sacana-143881,शिलबन्दी कोटेशन आह्वानको सूचना,Rastriya Rojgar Prawardhan Kendra RRPK,posted,2026-08-27T12:06:57.685120,1672
a53b4995d02b4e03,https://www.jobsnepal.com/program-officer-143880,Program Officer,Alliance Asia Nepal Private Ltd,posted,2026-08-27T12:08:30.068135,89
1b5ead9e3d48bb16,https://www.jobsnepal.com/admin-finance-officer-143879,Admin & Finance Officer,Integrated Rural Development Society,posted,2026-08-27T12:08:51.437065,984
394b4de539aa6e78,https://www.jobsnepal.com/marketing-and-social-media-assistant-143878,Marketing and social media assistant,Kumbeshwar Technical School,posted,2026-08-27T12:09:16.278619,1673
32cb1b7352d9a7d7,https://www.jobsnepal.com/various-positions-143877,Various Positions,SEBAC Nepal,posted,2026-08-27T12:10:52.814574,259
a58850de2049440e,https://www.jobsnepal.com/financial-and-administrative-143876,Financial and Administrative,AIR CHINA LTD KATHMANDU OFFICE,failed|wp_post_failed_or_skipped,2026-08-27T12:11:01.571347,
66e346e5be284cdf,https://www.jobsnepal.com/cook-143875,Cook,Hote JuJu,posted,2026-08-27T12:11:28.473629,1674
550791261ea06967,https://www.jobsnepal.com/various-positions-143874,Various Positions,SAHAS Nepal,posted,2026-08-27T12:11:43.417338,259
916183a0a77c47f9,https://www.jobsnepal.com/notice-for-auction-two-wheeler-143873,Notice for Auction Two-wheeler,ADRA Nepal,flagged|no_apply_contact,2026-08-27T12:12:11.306341,
9452a251f4dffb65,https://www.jobsnepal.com/1-me-cum-communication-officer-2-programme-officer-143872,1. M&E cum Communication Officer / 2. Programme Officer,Yuwalaya,posted,2026-08-27T12:12:36.014030,1676
62cb36530516a841,https://www.jobsnepal.com/call-for-expression-of-interest-eoi-for-establishment-of-a-roster-of-national-level-provincial-level-and-local-ngos-143871,"Call for Expression of Interest (EOI) for Establishment of a Roster of National level, Provincial level and Local NGOs",ADRA Nepal,posted,2026-08-27T12:13:02.252488,1678
e2d41c5e74bfc678,https://www.jobsnepal.com/provincial-coordinator-143870,Provincial Coordinator,Governance Lab,flagged|no_apply_contact,2026-08-27T12:13:05.773688,
57aa7fb42f5662ff,https://www.jobsnepal.com/notice-for-request-for-proposal-rfp-for-statutory-audit-service-143869,Notice for Request for Proposal (RFP) for statutory Audit service,Digo Bikash Samaj,posted,2026-08-27T12:13:32.570740,1680
79fd32d05c0d9314,https://www.jobsnepal.com/finance-and-admin-support-officer-143868,Finance and Admin Support Officer,KIRDARC-Nepal,posted,2026-08-27T12:14:03.544593,1682
dba441f486773b03,https://www.jobsnepal.com/call-for-submission-of-expression-of-interest-eoi-document-indigenous-knowledge-value-systems-and-agrobiodiversity-143867,Call for Submission of Expression of Interest (EOI): Document indigenous knowledge value systems and agrobiodiversity,CEAPRED,posted,2026-08-27T12:14:27.759345,1684
4423baa89941bf29,https://www.jobsnepal.com/in-house-architect-143866,In-house Architect,Akasha Life,posted,2026-08-27T12:14:56.117339,1686
edb50a1af3f47cfe,https://www.jobsnepal.com/inclusion-facilitators-143865,Inclusion Facilitators,Blind Youth Association Nepal,posted,2026-08-27T12:15:22.800589,1687
c46276c24b1386d0,https://www.jobsnepal.com/terms-of-reference-tor-for-the-development-of-hand-book-on-disability-inclusive-srh-service-delivery-143864,TERMS OF REFERENCE (TOR) For the Development of Hand-Book on disability Inclusive SRH Service Delivery,Blind Youth Association Nepal,posted,2026-08-27T12:15:52.843853,1688
bc8b604fc274d344,https://www.jobsnepal.com/expression-of-interest-for-engagement-of-consultants-for-learning-sharing-workshop-for-women-politicians-and-leaders-143863,Expression of Interest For Engagement of Consultants for Learning Sharing Workshop for Women Politicians and Leaders,Center for Dalit Women Nepal,posted,2026-08-27T12:16:21.085855,1690
af087321ad0e7ff9,https://www.jobsnepal.com/expression-of-interest-eoi-video-content-development-143862,Expression of Interest (EOI)- Video Content Development,Youth Innovation Lab,posted,2026-08-27T12:16:46.101847,1692
c702c2fc8e512f83,https://www.jobsnepal.com/accountant-143861,Accountant,JobsNepal.com Direct Recruitment Service,posted,2026-08-27T12:17:01.322835,833
e6f60fa7adf7b8c3,https://www.jobsnepal.com/invitation-to-bid-itb-for-supplying-installation-of-office-furniture-and-appliancesequipment-143860,Invitation To Bid (ITB) for supplying & installation of office furniture and Appliances/Equipment,Good Neighbors International Nepal,posted,2026-08-27T12:17:31.981012,1694
13aab0b6b485d53d,https://www.jobsnepal.com/terms-of-reference-consultancy-services-for-the-development-of-an-animated-advocacy-video-on-the-supreme-court-mandamus-and-directives-on-mental-health-143859,TERMS OF REFERENCE: Consultancy Services for the Development of an Animated Advocacy Video on the Supreme Court Mandamus and Directives on Mental Health,KOSHISH,posted,2026-08-27T12:17:57.277328,1696
d5afd92a78b02eab,https://www.jobsnepal.com/terms-of-reference-for-street-drama-143858,Terms of Reference for Street Drama,KOSHISH,posted,2026-08-27T12:18:22.397881,1698
af8ca550b65c4126,https://www.jobsnepal.com/karara-savama-karamacara-aavashayakata-samabnathha-sacana-143857,करार सेवामा कर्मचारी आवश्यकता सम्बन्धी सूचना,Haripur WSSMB,posted,2026-08-27T12:18:25.797425,1698
a37a8c773e2f033e,https://www.jobsnepal.com/request-for-proposal-rfp-for-market-assessment-for-key-agricultural-value-chains-143856,Request for Proposal (RFP) for Market Assessment for Key Agricultural Value Chains,CARE Nepal,posted,2026-08-27T12:18:57.105858,1700
1ce52479ab098778,https://www.jobsnepal.com/terms-of-reference-for-capacity-strengthening-of-nepali-it-companies-143855,Terms of Reference for Capacity Strengthening of Nepali IT Companies,DAI Global LLC,posted,2026-08-27T12:19:21.429594,1702
b7dde320abba0f44,https://www.jobsnepal.com/call-for-expression-of-interest-eoi-143854,Call for Expression of Interest (EoI),CARE Nepal,posted,2026-08-27T12:19:35.618797,199
6b533d3b05f74681,https://www.jobsnepal.com/invitation-for-expression-of-interest-eoi-for-the-assessment-design-and-development-of-an-sbcc-strategy-143853,"Invitation for Expression of Interest (EoI) for the Assessment, Design and Development of an SBCC Strategy",PeaceWin Nepal,posted,2026-08-27T12:20:04.403570,1704
01ff56372591ca75,https://www.jobsnepal.com/request-for-bid-for-political-economy-analysis-of-solid-waste-management-guideline-and-draft-solid-waste-management-guideline-development-143852,Request for Bid for Political Economy Analysis of Solid Waste Management Guideline and Draft Solid Waste Management Guideline Development,Creasion,posted,2026-08-27T12:20:32.430877,1706
5d02b199ee333656,https://www.jobsnepal.com/invitation-to-bid-for-constructing-a-multipurpose-open-space-with-a-tamang-community-center-for-risk-informed-preparedness-and-building-resilient-communities-143851,Invitation to Bid for Constructing a Multipurpose Open Space with a Tamang Community Center for Risk-Informed Preparedness and Building Resilient Communities,INSTITUTE FOR SOCIAL AND ENVIRONMENTAL TRANSITION NEPAL,posted,2026-08-27T12:21:00.275468,1708
1f8cd2ef68aa188d,https://www.jobsnepal.com/graphic-designer-143850,Graphic Designer,A Reputed Company,posted,2026-08-27T12:21:12.726888,1271
ee355fff1bbc7e58,https://www.jobsnepal.com/ranagana-bl-pasataka-matharanae-samabnathha-blpatara-aahavana-143849,रङ्गीन बाल पुस्तक मुद्रण सम्बन्धी बोलपत्र आह्वान,Padhnako Lagi Kotha,posted,2026-08-27T12:21:16.056680,1708
bc9c5bd8c85a330f,https://www.jobsnepal.com/dairy-cooperative-development-specialist-143848,Dairy Cooperative Development Specialist,Heifer Project Nepal,posted,2026-08-27T12:21:40.966675,1710
71d21eb8e98da572,https://www.jobsnepal.com/request-for-proposal-143847,Request for Proposal,Community Development Centre (CDC),posted,2026-08-27T12:22:12.289477,1712
d855d3ea3d3c5169,https://www.jobsnepal.com/social-media-communications-assistant-143846,Social Media & Communications Assistant,Naaya Aayam Multi Disciplinary Institute Private Limited (NAMI),posted,2026-08-27T12:22:42.552290,1713
4075136f5be3a1af,https://www.jobsnepal.com/blpatara-aahavana-143845,बोलपत्र आह्वान,KIRDARC-Nepal,posted,2026-08-27T12:22:52.473568,1713
9ca91aa122495f2e,https://www.jobsnepal.com/sacakata-hana-aahavana-garaeka-samabnathhama-143844,सूचीकृत हुन आह्वान गरिएको सम्बन्धमा,Centre for Development and Disaster Management (CDM Nepal),posted,2026-08-27T12:22:55.913323,1713
440f0144adf442ee,https://www.jobsnepal.com/invitation-for-quotation-143843,Invitation for Quotation,Karnali Community Development Centre,posted,2026-08-27T12:23:14.611503,790
efa5572d9a83222c,https://www.jobsnepal.com/administration-assistant-143842,Administration Assistant,Heifer International Nepal,posted,2026-08-27T12:23:42.648011,1715
ee08a636a94374b7,https://www.jobsnepal.com/request-for-proposal-rfp-for-market-system-development-of-key-agriculture-value-chains-143841,Request for Proposal (RFP) for Market System Development of Key Agriculture Value Chains,CARE Nepal,posted,2026-08-27T12:24:08.151376,1717
07bd1ccdd34c08f5,https://www.jobsnepal.com/eoi-for-delivering-psychosocial-counselling-training-for-program-staff-and-executive-board-members-143840,EOI for Delivering Psychosocial Counselling Training for Program Staff and Executive Board Members,Welfare Association for Children Tikapur,posted,2026-08-27T12:24:38.276701,1719
97f3f75d05378d25,https://www.jobsnepal.com/communication-dialogue-coordinator-cluster-outreach-inclusion-officer-143839,Communication & Dialogue Coordinator / Cluster Outreach & Inclusion Officer,Multipurpose Development Society (MPDS),posted,2026-08-27T12:25:10.264177,1721
ce13b3a7d3e3883a,https://www.jobsnepal.com/recall-of-terms-of-reference-tor-for-the-consultancy-for-heat-subject-matter-expert-143838,Recall of Terms of Reference (TOR) for the Consultancy for Heat Subject-Matter Expert.,Youth Innovation Lab,posted,2026-08-27T12:25:33.350563,1723
447f020d66e2812a,https://www.jobsnepal.com/eoi-for-the-supply-of-it-equipment-and-tablets-and-establishment-of-a-framework-agreement-fwa-long-term-agreement-lta-143837,EOI for the Supply of IT Equipment and Tablets and Establishment of a Framework Agreement (FWA) / Long-Term Agreement (LTA),CARE Nepal,posted,2026-08-27T12:26:05.135143,1725
e0a78f98ebd88bcc,https://www.jobsnepal.com/senior-project-officer-143836,Senior Project Officer,Youth Alliance For Development (YARD),posted,2026-08-27T12:26:37.276474,1727
91cf1f1702b22e8e,https://www.jobsnepal.com/support-technician-143834,Support Technician,British Gurkhas Nepal,posted,2026-08-27T12:27:02.701651,1728
c455a53a46818c2c,https://www.jobsnepal.com/expression-of-interest-eoi-for-partnership-143833,Expression of Interest (EoI) for Partnership,DanChurchAid (DCA),posted,2026-08-27T12:27:29.736496,1730
